/*
SQLyog Enterprise - MySQL GUI v6.56
MySQL - 5.5.19 : Database - stmis
*********************************************************************
*/

/*!40101 SET NAMES utf8 */;

/*!40101 SET SQL_MODE=''*/;

/*!40014 SET @OLD_FOREIGN_KEY_CHECKS=@@FOREIGN_KEY_CHECKS, FOREIGN_KEY_CHECKS=0 */;
/*!40101 SET @OLD_SQL_MODE=@@SQL_MODE, SQL_MODE='NO_AUTO_VALUE_ON_ZERO' */;

CREATE DATABASE /*!32312 IF NOT EXISTS*/`stmis` /*!40100 DEFAULT CHARACTER SET utf8 */;

USE `stmis`;

/*Table structure for table `seq_purchase_id` */

DROP TABLE IF EXISTS `seq_purchase_id`;

CREATE TABLE `seq_purchase_id` (
  `id` int(16) NOT NULL DEFAULT '1'
) ENGINE=InnoDB DEFAULT CHARSET=gbk;

/*Data for the table `seq_purchase_id` */

insert  into `seq_purchase_id`(`id`) values (282);

/*Table structure for table `seq_sale_id` */

DROP TABLE IF EXISTS `seq_sale_id`;

CREATE TABLE `seq_sale_id` (
  `id` int(16) NOT NULL DEFAULT '1'
) ENGINE=InnoDB DEFAULT CHARSET=gbk;

/*Data for the table `seq_sale_id` */

insert  into `seq_sale_id`(`id`) values (8976);

/*Table structure for table `seq_stock_id` */

DROP TABLE IF EXISTS `seq_stock_id`;

CREATE TABLE `seq_stock_id` (
  `id` int(16) NOT NULL DEFAULT '1'
) ENGINE=InnoDB DEFAULT CHARSET=gbk;

/*Data for the table `seq_stock_id` */

insert  into `seq_stock_id`(`id`) values (250);

/*Table structure for table `tbuyer` */

DROP TABLE IF EXISTS `tbuyer`;

CREATE TABLE `tbuyer` (
  `id` int(10) NOT NULL AUTO_INCREMENT,
  `Type` varchar(200) DEFAULT NULL,
  `Code` varchar(200) DEFAULT NULL,
  `ShortName` varchar(200) DEFAULT NULL,
  `AllName` varchar(200) DEFAULT NULL,
  `Address` varchar(2000) DEFAULT NULL,
  `PostCode` varchar(200) DEFAULT NULL,
  `Tel1` varchar(200) DEFAULT NULL,
  `Tel2` varchar(200) DEFAULT NULL,
  `Tel3` varchar(200) DEFAULT NULL,
  `Mobile` varchar(200) DEFAULT NULL COMMENT '??',
  `FAX` varchar(200) DEFAULT NULL,
  `EMail` varchar(200) DEFAULT NULL,
  `Http` varchar(200) DEFAULT NULL,
  `Accounts` varchar(200) DEFAULT NULL,
  `TaxCode` varchar(200) DEFAULT NULL,
  `LinkMan` varchar(200) DEFAULT NULL,
  `CompanyType` varchar(200) DEFAULT NULL,
  `HelpName` varchar(200) DEFAULT NULL COMMENT '???',
  `RecDate` datetime DEFAULT NULL COMMENT '????',
  `MyMemo` varchar(500) DEFAULT NULL COMMENT '??',
  `city` varchar(500) DEFAULT NULL COMMENT '??1',
  `state` varchar(500) DEFAULT NULL COMMENT '??2',
  `passwd` varchar(50) DEFAULT NULL,
  `leav_money` float(16,2) DEFAULT NULL,
  `bank_Name` varchar(500) DEFAULT NULL,
  `bank_Acount` varchar(50) DEFAULT NULL,
  `credit_Acount` varchar(50) DEFAULT NULL,
  `credit_Line` float(16,2) DEFAULT NULL,
  `balance` float(16,2) DEFAULT NULL,
  `total` float(16,2) DEFAULT '0.00',
  `acc_balance` float(16,2) DEFAULT '0.00',
  `debit_balance` float(16,2) DEFAULT '0.00',
  `acc_type` int(11) DEFAULT NULL,
  `taxable` int(11) DEFAULT NULL,
  PRIMARY KEY (`id`),
  UNIQUE KEY `RecID` (`id`) USING BTREE
) ENGINE=InnoDB AUTO_INCREMENT=4 DEFAULT CHARSET=gbk;

/*Data for the table `tbuyer` */

insert  into `tbuyer`(`id`,`Type`,`Code`,`ShortName`,`AllName`,`Address`,`PostCode`,`Tel1`,`Tel2`,`Tel3`,`Mobile`,`FAX`,`EMail`,`Http`,`Accounts`,`TaxCode`,`LinkMan`,`CompanyType`,`HelpName`,`RecDate`,`MyMemo`,`city`,`state`,`passwd`,`leav_money`,`bank_Name`,`bank_Acount`,`credit_Acount`,`credit_Line`,`balance`,`total`,`acc_balance`,`debit_balance`,`acc_type`,`taxable`) values (1,'','16 Cary Rd LLC','16 Cary Rd LLC','','16 Cary Rd','11021','','','','','','','','','47-3853241','','','','2017-09-24 17:53:59','','Great Neck','NY','',0.00,'','','',0.00,0.00,0.00,0.00,0.00,2,1),(2,'','福林地板','福林地板','','','','','','','','','','','','','','','','2017-09-30 16:57:37','','','','',0.00,'','','',0.00,0.00,67.20,0.00,0.00,1,1),(3,'','现代 New High','现代 New High','','','','','','','','','','','','','','','','2017-09-30 17:04:00','','','','',0.00,'','','',0.00,169.40,169.40,0.00,0.00,1,1);

/*Table structure for table `tcashhistory` */

DROP TABLE IF EXISTS `tcashhistory`;

CREATE TABLE `tcashhistory` (
  `id` bigint(20) NOT NULL AUTO_INCREMENT,
  `oper_id` bigint(20) NOT NULL,
  `buyer_id` bigint(20) NOT NULL,
  `cash_time` datetime NOT NULL,
  `amount` float(16,2) NOT NULL,
  `sale_id` bigint(20) NOT NULL,
  `sale_bill_code` varchar(50) DEFAULT NULL,
  `oper_name` varchar(64) DEFAULT NULL,
  `buyer_name` varchar(64) DEFAULT NULL,
  PRIMARY KEY (`id`)
) ENGINE=InnoDB DEFAULT CHARSET=utf8;

/*Data for the table `tcashhistory` */

/*Table structure for table `temployee` */

DROP TABLE IF EXISTS `temployee`;

CREATE TABLE `temployee` (
  `id` int(10) NOT NULL AUTO_INCREMENT,
  `Name` varchar(200) DEFAULT NULL,
  `Code` varchar(200) DEFAULT NULL,
  `Sex` varchar(5) DEFAULT NULL,
  `BirthDay` varchar(200) DEFAULT NULL,
  `IDCard` varchar(200) DEFAULT NULL,
  `Tel` varchar(200) DEFAULT NULL,
  `Mobile` varchar(200) DEFAULT NULL,
  `Address` varchar(2000) DEFAULT NULL,
  `Department` varchar(200) DEFAULT NULL,
  `HeadShip` varchar(200) DEFAULT NULL,
  `Popedom` varchar(200) DEFAULT NULL,
  `Password1` varchar(200) DEFAULT NULL,
  `is_manager` int(10) DEFAULT NULL,
  PRIMARY KEY (`id`),
  KEY `RecID` (`id`) USING BTREE
) ENGINE=InnoDB AUTO_INCREMENT=21 DEFAULT CHARSET=gbk;

/*Data for the table `temployee` */

insert  into `temployee`(`id`,`Name`,`Code`,`Sex`,`BirthDay`,`IDCard`,`Tel`,`Mobile`,`Address`,`Department`,`HeadShip`,`Popedom`,`Password1`,`is_manager`) values (20,'admin','admin','','','','345','123456','','other','manager','38','123456',0);

/*Table structure for table `tinvoice` */

DROP TABLE IF EXISTS `tinvoice`;

CREATE TABLE `tinvoice` (
  `id` bigint(20) NOT NULL AUTO_INCREMENT,
  `provider_id` int(20) NOT NULL DEFAULT '-1',
  `purchase_bill_code` varchar(50) NOT NULL,
  `invoice_code` varchar(50) NOT NULL,
  `amout` float(16,2) DEFAULT '0.00',
  `description` varchar(200) DEFAULT '',
  `invoiceDate` bigint(20) NOT NULL,
  `updDate` bigint(20) NOT NULL,
  `paidAmount` float(16,2) DEFAULT '0.00',
  `credit` float(16,2) DEFAULT '0.00',
  PRIMARY KEY (`id`),
  UNIQUE KEY `privider_po` (`provider_id`,`purchase_bill_code`) USING BTREE
) ENGINE=InnoDB AUTO_INCREMENT=2 DEFAULT CHARSET=gbk COMMENT='InnoDB free: 6144 kB; InnoDB free: 6144 kB';

/*Data for the table `tinvoice` */

insert  into `tinvoice`(`id`,`provider_id`,`purchase_bill_code`,`invoice_code`,`amout`,`description`,`invoiceDate`,`updDate`,`paidAmount`,`credit`) values (1,5,'00450','2062',52.00,'',1506744000000,1506807542921,52.00,0.00);

/*Table structure for table `tinvoicehistory` */

DROP TABLE IF EXISTS `tinvoicehistory`;

CREATE TABLE `tinvoicehistory` (
  `id` bigint(20) NOT NULL AUTO_INCREMENT,
  `invoice_id` bigint(20) NOT NULL,
  `amout` float(16,2) DEFAULT '0.00',
  `payDate` bigint(20) NOT NULL,
  `remark` varchar(1000) COLLATE gbk_bin DEFAULT NULL,
  `payment` varchar(1000) COLLATE gbk_bin DEFAULT NULL,
  PRIMARY KEY (`id`),
  KEY `IDX_INVOICE` (`invoice_id`) USING BTREE
) ENGINE=InnoDB AUTO_INCREMENT=2 DEFAULT CHARSET=gbk COLLATE=gbk_bin COMMENT='InnoDB free: 5120 kB';

/*Data for the table `tinvoicehistory` */

insert  into `tinvoicehistory`(`id`,`invoice_id`,`amout`,`payDate`,`remark`,`payment`) values (1,1,52.00,1506807550843,'','Cash');

/*Table structure for table `tkeyvalue` */

DROP TABLE IF EXISTS `tkeyvalue`;

CREATE TABLE `tkeyvalue` (
  `mapkey` varchar(128) NOT NULL,
  `value` varchar(10000) DEFAULT NULL,
  PRIMARY KEY (`mapkey`),
  UNIQUE KEY `key-index` (`mapkey`) USING BTREE
) ENGINE=InnoDB DEFAULT CHARSET=gbk COMMENT='其他数据存储';

/*Data for the table `tkeyvalue` */

insert  into `tkeyvalue`(`mapkey`,`value`) values ('company','{\"company_logo_pic_logo\":\"\\/images\\/company\\/20120730204140913.png\",\"company_address\":\"133-09 35th Ave, Flushing, NY 11354\",\"company_name\":\"Sunrise Tile 太阳磁砖公司\",\"company_tel\":\"718-939-0538\",\"invoiceTax\":\"0.08875\",\"company_name_pic_logo\":\"\\/images\\/company\\/20120730204140761.png\",\"company_fax\":\"718-939-1076\"}');

/*Table structure for table `tpower` */

DROP TABLE IF EXISTS `tpower`;

CREATE TABLE `tpower` (
  `id` int(10) NOT NULL AUTO_INCREMENT,
  `power_name` varchar(50) DEFAULT NULL,
  PRIMARY KEY (`id`),
  KEY `id` (`id`) USING BTREE
) ENGINE=InnoDB AUTO_INCREMENT=44 DEFAULT CHARSET=gbk;

/*Data for the table `tpower` */

insert  into `tpower`(`id`,`power_name`) values (38,'admin'),(41,'sale'),(43,'casher');

/*Table structure for table `tpoweroperation` */

DROP TABLE IF EXISTS `tpoweroperation`;

CREATE TABLE `tpoweroperation` (
  `id` int(10) NOT NULL AUTO_INCREMENT,
  `PopedomCode` float(24,0) DEFAULT NULL,
  `OperationCode` int(100) DEFAULT NULL,
  PRIMARY KEY (`id`),
  KEY `id` (`id`) USING BTREE
) ENGINE=InnoDB AUTO_INCREMENT=1110 DEFAULT CHARSET=gbk;

/*Data for the table `tpoweroperation` */

insert  into `tpoweroperation`(`id`,`PopedomCode`,`OperationCode`) values (1045,38,20),(1046,38,21),(1047,38,22),(1048,38,23),(1049,38,24),(1050,38,25),(1051,38,26),(1052,38,27),(1053,38,28),(1054,38,29),(1055,38,40),(1056,38,41),(1057,38,42),(1058,38,43),(1059,38,44),(1060,38,45),(1061,38,61),(1062,38,62),(1063,38,100),(1064,38,101),(1065,38,102),(1066,38,103),(1067,38,120),(1068,38,121),(1082,41,20),(1083,41,21),(1084,41,22),(1085,41,23),(1086,41,24),(1087,41,27),(1088,41,41),(1089,41,42),(1090,41,43),(1091,42,20),(1092,42,21),(1093,42,22),(1094,42,23),(1095,42,24),(1096,42,27),(1097,42,41),(1098,42,42),(1099,42,43),(1100,43,20),(1101,43,21),(1102,43,22),(1103,43,23),(1104,43,24),(1105,43,27),(1106,43,29),(1107,43,41),(1108,43,42),(1109,43,43);

/*Table structure for table `tproduct` */

DROP TABLE IF EXISTS `tproduct`;

CREATE TABLE `tproduct` (
  `id` int(10) NOT NULL AUTO_INCREMENT,
  `product_id` varchar(50) DEFAULT NULL,
  `Code` varchar(400) DEFAULT NULL,
  `product_name` varchar(300) DEFAULT NULL,
  `Spec` varchar(30) DEFAULT NULL,
  `Unit` varchar(50) DEFAULT NULL,
  `UpLimit` float(24,0) DEFAULT NULL,
  `DownLimit` float(24,2) DEFAULT NULL,
  `Price_income` float(16,2) DEFAULT NULL,
  `Price_simgle` float(16,2) DEFAULT NULL,
  `Drawing` varchar(255) DEFAULT NULL,
  `HelpName` varchar(100) DEFAULT NULL,
  `MyMemo` varchar(2000) DEFAULT NULL,
  `Drawing2` varchar(255) DEFAULT NULL,
  `Drawing3` varchar(255) DEFAULT NULL,
  `Drawing4` varchar(255) DEFAULT NULL,
  `Drawing5` varchar(255) DEFAULT NULL,
  `Drawing6` varchar(255) DEFAULT NULL,
  `Drawing7` varchar(255) DEFAULT NULL,
  `Drawing8` varchar(255) DEFAULT NULL,
  `Drawing9` varchar(255) DEFAULT NULL,
  `Sreserve1` varchar(255) DEFAULT NULL COMMENT '??1',
  `Sreserve2` varchar(255) DEFAULT NULL COMMENT '??2',
  `Sreserve3` varchar(255) DEFAULT NULL COMMENT '??3',
  `freserve1` smallint(5) DEFAULT NULL COMMENT '??4',
  `freserve2` smallint(5) DEFAULT NULL COMMENT '??5',
  `freserve3` smallint(5) DEFAULT NULL COMMENT '??6',
  `product_type` varchar(50) DEFAULT NULL,
  `num` float(16,2) DEFAULT NULL,
  `product_name_cn` varchar(500) DEFAULT NULL,
  `size` varchar(255) DEFAULT NULL,
  `weight` varchar(255) DEFAULT NULL,
  `price_wholesale` float(20,2) DEFAULT '0.00',
  `location` varchar(500) DEFAULT NULL,
  `price_company` float(20,2) DEFAULT NULL,
  `tracking_id` varchar(250) DEFAULT NULL,
  PRIMARY KEY (`id`),
  KEY `RecID` (`id`) USING BTREE,
  KEY `num` (`product_type`,`num`) USING BTREE,
  KEY `product_index` (`product_id`,`Code`(383),`product_name`,`product_name_cn`(383)) USING BTREE,
  KEY `product_coed` (`Code`(383),`product_name`,`product_name_cn`(383)) USING BTREE
) ENGINE=InnoDB AUTO_INCREMENT=544 DEFAULT CHARSET=gbk;

/*Data for the table `tproduct` */

insert  into `tproduct`(`id`,`product_id`,`Code`,`product_name`,`Spec`,`Unit`,`UpLimit`,`DownLimit`,`Price_income`,`Price_simgle`,`Drawing`,`HelpName`,`MyMemo`,`Drawing2`,`Drawing3`,`Drawing4`,`Drawing5`,`Drawing6`,`Drawing7`,`Drawing8`,`Drawing9`,`Sreserve1`,`Sreserve2`,`Sreserve3`,`freserve1`,`freserve2`,`freserve3`,`product_type`,`num`,`product_name_cn`,`size`,`weight`,`price_wholesale`,`location`,`price_company`,`tracking_id`) values (1,'0812(AY2374)','0','8\"x12\" 25pcs/box Ceramic','','',0,0.00,0.00,1.60,'','','','','','','','','','','','','','',0,0,0,'',1203.20,'16.7sf/Box','','',1.20,NULL,1.40,''),(2,'0812-H(AY2374-H)','0','8\"x12\" 25pcs/box Ceramic','','',0,0.00,0.00,1.60,'','','','','','','','','','','','','','',0,0,0,'',3990.50,'16.7sf/Box','','',1.20,NULL,1.40,''),(3,'106','0','9\"x48\" 6pcs/box','','',0,0.00,0.00,3.80,'','','','','','','','','','','','','','',0,0,0,'',6048.00,'18sf/box','','',3.00,NULL,3.60,'14Ave'),(4,'119433','0','12\"x18\" 12pcs/box Ceramic','','',0,0.00,0.00,1.50,'','','','','','','','','','','','','','',0,0,0,'',3630.00,'18Sf/Box','','',1.10,NULL,1.30,'I22，114-01'),(5,'119459','0','12\"x18\" 12pcs/box Ceramic','','',0,0.00,0.00,1.50,'','','','','','','','','','','','','','',0,0,0,'',6708.00,'18Sf/Box','','',1.10,NULL,1.30,'I06'),(6,'119461','0','12\"x18\" 12pcs/box Ceramic','','',0,0.00,0.00,1.50,'','','','','','','','','','','','','','',0,0,0,'',758.00,'18Sf/Box','','',1.10,NULL,1.30,'II12'),(7,'119465','0','12\"x18\" 12pcs/box Ceramic','','',0,0.00,0.00,1.50,'','','','','','','','','','','','','','',0,0,0,'',8398.50,'18Sf/Box','','',1.10,NULL,1.30,'I22， 114-01'),(8,'119473','0','12\"x18\" 12pcs/box Ceramic','','',0,0.00,0.00,1.50,'','','','','','','','','','','','','','',0,0,0,'',18540.00,'18Sf/Box','','',1.10,NULL,1.30,'II20， 114-01'),(9,'115361','0','12\"x12\" 15pcs/box Ceramic','','',0,0.00,0.00,1.50,'','','','','','','','','','','','','','',0,0,0,'',615.00,'15sf/Box','','',1.10,NULL,1.30,'II19 I22'),(10,'025A','0','12\"x12\" 19pcs/box Ceramic','','',0,0.00,0.00,2.00,'','','','','','','','','','','','','','',0,0,0,'',1063.00,'19sf/Box','','',1.60,NULL,1.80,'S01A， 114-01'),(11,'119401','0','12\"x18\" 12pcs/box Ceramic','','',0,0.00,0.00,1.50,'','','','','','','','','','','','','','',0,0,0,'',1635.00,'18sf/Box','','',1.10,NULL,1.30,'II06'),(12,'1003','0','12\"x18\" 12pcs/box Ceramic','','',0,0.00,0.00,1.50,'','','','','','','','','','','','','','',0,0,0,'',4283.00,'18sf/Box','','',1.10,NULL,1.30,'II20'),(13,'125341','0','12\"x12\" 15pcs/box Ceramic','','',0,2000.00,0.00,1.50,'','','','','','','','','','','','','','',0,0,0,'',12554.00,'15sf/Box','','',1.10,NULL,1.30,'I02， I11'),(14,'125365(115365)','0','12\"x12\" 15pcs/box Ceramic','','',0,0.00,0.00,1.50,'','','','','','','','','','','','','','',0,0,0,'',1470.00,'15sf/Box','','',1.10,NULL,1.30,'I11， I17， I22'),(15,'125398','0','12\"x12\" 15pcs/box Ceramic','','',0,0.00,0.00,1.00,'','','','','','','','','','','','','','',0,0,0,'',150.00,'15sf/Box','','',1.00,NULL,1.00,'II04AG， S03'),(16,'125562(Y6800)','0','12\"x24\" 8pcs/box Ceramic','','',0,0.00,0.00,1.60,'','','','','','','','','','','','','','',0,0,0,'',28800.00,'16sf/Box','','',1.20,NULL,1.40,'I10， 114-01'),(17,'145114(TC514)','0','12\"x18\" 12pcs/box Ceramic','','',0,0.00,0.00,1.50,'','','','','','','','','','','','','','',0,0,0,'',21221.50,'18sf/Box','','',1.10,NULL,1.30,'I12， 114-01'),(18,'156101','0','6\"x24\"  11pcs/box Porcelain','','',0,0.00,0.00,1.80,'','','','','','','','','','','','','','',0,0,0,'',25516.00,'11sf/Box','','',1.40,NULL,1.60,'II14 工地'),(19,'15657','0','6\"x24\"  11pcs/box Porcelain','','',0,0.00,0.00,1.80,'','','','','','','','','','','','','','',0,0,0,'',25331.00,'11sf/Box','','',1.40,NULL,1.60,'II30'),(20,'15659','0','6\"x24\"  11pcs/box Porcelain','','',0,0.00,0.00,1.80,'','','','','','','','','','','','','','',0,0,0,'',6785.00,'11sf/Box','','',1.40,NULL,1.60,'I20'),(21,'156730','0','6\"x24\"  11pcs/box Porcelain','','',0,0.00,0.00,2.00,'','','','','','','','','','','','','','',0,0,0,'',10654.00,'11sf/box','','',1.60,NULL,1.80,'II08 14-1'),(22,'16202\"','0','12\"x12\" 10pcs/box&11pcs/box Ceramic','','',0,0.00,0.00,1.80,'','','','','','','','','','','','','','',0,0,0,'',15711.00,'10sf/Box','','',1.40,NULL,1.60,'I18， 114-01， I10'),(23,'16202(66282)','0','24\"x24\" 4pcs/box Porcelain','','',0,0.00,0.00,1.80,'','','','','','','','','','','','','','',0,0,0,'',17112.00,'16sf/Box','','',1.40,NULL,1.60,'I12 II07 II16 114-01 工地'),(24,'16203','0','24\"x24\" 4pcs/box Porcelain','','',0,0.00,0.00,1.80,'','','','','','','','','','','','','','',0,0,0,'',12796.00,'16sf/Box','','',1.40,NULL,1.60,'II05，II21， 114-01'),(25,'16204(26233)','0','24\"x24\" 4pcs/box Porcelain','','',0,0.00,0.00,1.80,'','','','','','','','','','','','','','',0,0,0,'',11488.00,'16sf/Box','','',1.40,NULL,1.60,'II13'),(26,'16502','0','24\"x24\" 4pcs/box Porcelain','','',0,0.00,0.00,1.80,'','','','','','','','','','','','','','',0,0,0,'',4036.00,'16sf/Box','','',1.40,NULL,1.60,'II10ABC， II27， II31'),(27,'165305','0','12\"x12\" 15pcs/box Ceramic','','',0,0.00,0.00,1.50,'','','','','','','','','','','','','','',0,0,0,'',300.00,'15sf/Box','','',1.10,NULL,1.30,'S06'),(28,'165315','0','12\"x12\" 15pcs/box Ceramic','','',0,0.00,0.00,1.50,'','','','','','','','','','','','','','',0,0,0,'',3111.00,'15sf/Box','','',1.10,NULL,1.30,'I12， 114-01'),(29,'16601','0','24\"x24\" 4pcs/box Porcelain','','',0,5000.00,0.00,1.80,'','','','','','','','','','','','','','',0,0,0,'',22252.00,'16sf/Box','','',1.40,NULL,1.60,'II26 II22'),(30,'16601\"','0','12\"x24\" 8pcs/box Porcelain','','',0,0.00,0.00,1.80,'','','','','','','','','','','','','','',0,0,0,'',64.00,'16sf/Box','','',1.40,NULL,1.60,'I13'),(31,'16602\"','0','12\"x24\" 8pcs/box Ceramic','','',0,0.00,0.00,1.80,'','','','','','','','','','','','','','',0,0,0,'',8505.00,'16sf/Box','','',1.40,NULL,1.60,'I20， I07， 114-01'),(32,'16602(66682)','0','24\"x24\" 4pcs/box Porcelain','','',0,0.00,0.00,1.80,'','','','','','','','','','','','','','',0,0,0,'',12504.00,'16sf/Box','','',1.40,NULL,1.60,'II30'),(33,'167(Italy)','0','6\"x24\"  14pcs/box Porcelain Bianco(Italy)','','',0,0.00,0.00,2.80,'','','','','','','','','','','','','','',0,0,0,'',2102.00,'14sf/Box','','',2.40,NULL,2.60,'II10， 114-01'),(34,'16712','0','24\"x24\" 4pcs/box Porcelain','','',0,0.00,0.00,1.80,'','','','','','','','','','','','','','',0,0,0,'',22120.00,'16sf/Box','','',1.40,NULL,1.60,'I19'),(35,'16713','0','24\"x24\" 4pcs/box Porcelain','','',0,0.00,0.00,1.80,'','','','','','','','','','','','','','',0,0,0,'',11992.00,'16sf/Box','','',1.40,NULL,1.60,'I21'),(36,'16714','0','24\"x24\" 4pcs/box Porcelain','','',0,0.00,0.00,1.80,'','','','','','','','','','','','','','',0,0,0,'',8696.00,'16sf/Box','','',1.40,NULL,1.60,'II24'),(37,'169201M','0','10\"x26\" 8pcs/box Ceramic','','',0,0.00,0.00,1.60,'','','','','','','','','','','','','','',0,0,0,'',9490.00,'14.5sf/box','','',1.20,NULL,1.40,'II01G， II16G， II22J， 114-01'),(38,'169501M','0','12\"x24\" 8pcs/box Ceramic','','',0,0.00,0.00,1.60,'','','','','','','','','','','','','','',0,0,0,'',226.00,'16sf/Box','','',1.20,NULL,1.40,'I06'),(39,'169503P','0','12\"x24\" 8pcs/box Ceramic','','',0,0.00,0.00,1.60,'','','','','','','','','','','','','','',0,0,0,'',27016.00,'16sf/Box','','',1.20,NULL,1.40,'I10'),(40,'169505P','0','12\"x24\" 8pcs/box Ceramic','','',0,0.00,0.00,1.60,'','','','','','','','','','','','','','',0,0,0,'',13536.00,'16sf/Box','','',1.20,NULL,1.40,'I16ABCX， II05ABCDGJK'),(41,'169517M','0','12\"x24\" 8pcs/box Ceramic','','',0,0.00,0.00,1.60,'','','','','','','','','','','','','','',0,0,0,'',3008.00,'16sf/Box','','',1.20,NULL,1.40,'I07BCEI， I10EFJX， I13G， I14D'),(42,'169525','0','12\"x24\" 8pcs/box Ceramic','','',0,0.00,0.00,1.10,'','','','','','','','','','','','','','',0,0,0,'',540.00,'16sf/Box','','',1.10,NULL,1.10,'I15'),(43,'169531P','0','12\"x24\" 8pcs/box Ceramic','','',0,0.00,0.00,1.60,'','','','','','','','','','','','','','',0,0,0,'',7862.00,'16sf/Box','','',1.20,NULL,1.40,'II09'),(44,'18202\"\"(16202\"\")','0','16\"x32\" 4pcs/box Porcelain','','',0,0.00,0.00,1.80,'','','','','','','','','','','','','','',0,0,0,'',2041.40,'14.3sf/Box','','',2.40,NULL,2.60,'I20， I21， II19'),(45,'18202\"(16202\")','0','16\"x16\" 8pcs/box Porcelain','','',0,0.00,0.00,2.00,'','','','','','','','','','','','','','',0,0,0,'',5060.90,'14.2sf/box','','',1.60,NULL,1.80,'I03， 114-01'),(46,'1822','0','16\"x16\" 12pcs/box Porcelian','','',0,0.00,0.00,1.60,'','','','','','','','','','','','','','',0,0,0,'',2805.10,'21.4sf/box','','',1.20,NULL,1.40,'I03BGJX'),(47,'18403','0','32\"x32\" 3pcs/box Porcelain','','',0,0.00,0.00,2.80,'','','','','','','','','','','','','','',0,0,0,'',4073.78,'21.33sf/bo','','',2.40,NULL,2.60,'I10ABJ， I11B， S03A'),(48,'18903','0','16\"x32\" 4pcs/box Porcelain','','',0,0.00,0.00,5.00,'','','','','','','','','','','','','','',0,0,0,'',3961.46,'14.2sf/Box','','',3.80,NULL,4.20,'I14ABC'),(49,'2-36P1191','0','12\"x24\" 8pcs/box Ceramic','','',0,0.00,0.00,1.60,'','','','','','','','','','','','','','',0,0,0,'',7288.00,'16sf/Box','','',1.30,NULL,1.50,'II14 II16'),(50,'2-E36165','0','12\"x24\" 8pcs/box Ceramic','','',0,0.00,0.00,1.60,'','','','','','','','','','','','','','',0,0,0,'',8634.00,'16sf/Box','','',1.20,NULL,1.40,'II01'),(51,'2-E36166','0','12\"x24\" 8pcs/box Ceramic','','',0,0.00,0.00,1.60,'','','','','','','','','','','','','','',0,0,0,'',11230.00,'16sf/Box','','',1.20,NULL,1.40,'I11'),(52,'2-PY3656','0','12\"x24\" 8pcs/box Ceramic','','',0,0.00,0.00,1.60,'','','','','','','','','','','','','','',0,0,0,'',27264.00,'16sf/Box','','',1.20,NULL,1.40,'I18 14ave'),(53,'236B1060','0','12\"x24\" 8pcs/box Ceramic','','',0,0.00,0.00,1.80,'','','','','','','','','','','','','','',0,0,0,'',17530.00,'16sf/Box','','',1.40,NULL,1.60,'I19'),(54,'236B1070','0','12\"x24\" 8pcs/box Ceramic','','',0,0.00,0.00,1.80,'','','','','','','','','','','','','','',0,0,0,'',12450.00,'16sf/Box','','',1.40,NULL,1.60,'II08 II32 14-1'),(55,'25213','0','12\"x24\" 7pcs/box Ceramic','','',0,0.00,0.00,2.00,'','','','','','','','','','','','','','',0,0,0,'',1716.00,'14sf/Box','','',1.60,NULL,1.80,'I13'),(56,'25529E(BC1224)','0','12\"x24\" 8pcs/box Porcelain','','',0,0.00,0.00,2.40,'','','','','','','','','','','','','','',0,0,0,'',10732.00,'16sf/Box','','',2.00,NULL,2.20,'I06'),(57,'25536E','0','12\"x24\" 8pcs/box Porcelain','','',0,0.00,0.00,2.40,'','','','','','','','','','','','','','',0,0,0,'',11000.00,'16sf/Box','','',2.00,NULL,2.20,'I19'),(58,'25600','0','10\"x13\" 20pcs/box Ceramic','','',0,0.00,0.00,1.30,'','','','','','','','','','','','','','',0,0,0,'',0.00,'18sf/Box','','',0.90,NULL,1.10,'II22， 114-01'),(59,'256020(8810)','0','10\"x13\" 20pcs/box Ceramic','','',0,0.00,0.00,1.30,'','','','','','','','','','','','','','',0,0,0,'',0.00,'18sf/Box','','',0.90,NULL,1.10,'II15， 114-01'),(60,'2563','0','10\"x13\" 20pcs/box Ceramic','','',0,1000.00,0.00,1.30,'','','','','','','','','','','','','','',0,0,0,'',9587.90,'18sf/Box','','',0.90,NULL,1.10,'II08， 114-01'),(61,'269511P(169511P)','0','12\"x24\" 8pcs/box Porcelain','','',0,0.00,0.00,1.60,'','','','','','','','','','','','','','',0,0,0,'',3484.00,'16sf/Box','','',1.20,NULL,1.40,'II08， 114-01'),(62,'2775','0','18\"x18\" 6pcs/box Porcelain Merola Andrax Grey Dekor','','',0,0.00,0.00,1.60,'','','','','','','','','','','','','','',0,0,0,'',3597.00,'13.5sf/box','','',1.20,NULL,1.40,'II26ACEGJ， II27I'),(63,'319456','0','12\"x18\" 12pcs/box Ceramic','','',0,0.00,0.00,1.50,'','','','','','','','','','','','','','',0,0,0,'',0.00,'18Sf/Box','','',1.10,NULL,1.30,'II02'),(64,'33928','0','12\"x12\" 14pcs/box Porcelain','','',0,0.00,0.00,1.60,'','','','','','','','','','','','','','',0,0,0,'',5716.00,'14sf/Box','','',1.20,NULL,1.40,'II20'),(65,'345114(CC413)(TC514)','0','12\"x18\" 12pcs/box Ceramic','','',0,0.00,0.00,1.50,'','','','','','','','','','','','','','',0,0,0,'',8071.50,'18sf/Box','','',1.10,NULL,1.30,'I21'),(66,'3495','0','24\"x24\" 2pcs/box OUTDOOR Porcelain','','',0,0.00,0.00,6.00,'','','','','','','','','','','','','','',0,0,0,'',5012.00,'8sf/box','','',5.00,NULL,5.50,'I20， 114-01'),(67,'3597','0','12\"x12\"  17pcs/box Ceramic','','',0,0.00,0.00,1.30,'','','','','','','','','','','','','','',0,0,0,'',0.00,'17sf/Box','','',0.90,NULL,1.10,'II15， II08'),(68,'36EUPA','0','12\"x24\" 7pcs/box Porcelain','','',0,0.00,0.00,2.40,'','','','','','','','','','','','','','',0,0,0,'',1612.00,'14sf/Box','','',2.00,NULL,2.20,'I13， 114-01'),(69,'36EUVI','0','12\"x24\" 7pcs/box Porcelain','','',0,0.00,0.00,2.40,'','','','','','','','','','','','','','',0,0,0,'',5370.00,'14sf/Box','','',2.00,NULL,2.20,'I13， 114-01'),(70,'38931','0','12\"x12\" 14pcs/box Porcelain','','',0,0.00,0.00,1.60,'','','','','','','','','','','','','','',0,0,0,'',624.80,'14sf/Box','','',1.20,NULL,1.40,'I18'),(71,'38952','0','12\"x12\" 14pcs/box Porcelain','','',0,0.00,0.00,1.60,'','','','','','','','','','','','','','',0,0,0,'',10769.80,'14sf/Box','','',1.20,NULL,1.40,'I09'),(72,'39300A','0','12\"x12\" 15pcs/box Porcelain','','',0,0.00,0.00,1.70,'','','','','','','','','','','','','','',0,0,0,'',16449.00,'15sf/box','','',1.30,NULL,1.50,'II08'),(73,'3D124','0','10\"x16\" 15pcs/box Ceramic','','',0,0.00,0.00,1.60,'','','','','','','','','','','','','','',0,0,0,'',1203.15,'16.65sf/Box','','',1.20,NULL,1.40,'II22 II20'),(74,'3x6花白','0','3\"x6\" 80pcs/box Ceramic','','',0,0.00,0.00,1.90,'','','','','','','','','','','','','','',0,0,0,'',1127.20,'10sf/Box','','',1.50,NULL,1.70,''),(75,'3x6黑平','0','3\"x6\" 80pcs/box Ceramic','','',0,0.00,0.00,1.90,'','','','','','','','','','','','','','',0,0,0,'',939.00,'10sf/Box','','',1.50,NULL,1.70,'S02'),(76,'4-36B1061','0','12\"x24\" 8pcs/box Ceramic','','',0,0.00,0.00,2.00,'','','','','','','','','','','','','','',0,0,0,'',27638.00,'16sf/Box','','',1.60,NULL,1.80,'I02， II23， II28， II29'),(77,'4x16 白色砖','0','4\"x16\" 25pcs/box B10400','','',0,1000.00,0.00,2.00,'','','','','','','','','','','','','','',0,0,0,'',24997.61,'11.1sf/Box','','',1.40,NULL,1.60,'S04， I06'),(78,'4x16 米色砖','0','4\"x16\" 25pcs/box B10400','','',0,0.00,0.00,2.00,'','','','','','','','','','','','','','',0,0,0,'',196.87,'11sf/Box','','',1.40,NULL,1.60,'S04， I06'),(79,'60142','0','24\"x24\" 4pcs/box Porcelain','','',0,0.00,0.00,2.00,'','','','','','','','','','','','','','',0,0,0,'',4262.00,'16sf/Box','','',1.60,NULL,1.80,'II02， 114-01'),(80,'60152','0','24\"x24\" 4pcs/box Porcelain','','',0,0.00,0.00,2.00,'','','','','','','','','','','','','','',0,0,0,'',276.00,'16sf/Box','','',1.60,NULL,1.80,'II02'),(81,'60152\"','0','12\"x24\" 8pcs/box Porcelain','','',0,0.00,0.00,2.00,'','','','','','','','','','','','','','',0,0,0,'',16072.00,'16sf/Box','','',1.60,NULL,1.80,'114-01， II19'),(82,'60220(66226)','0','24\"x24\" 4pcs/box Porcelain','','',0,0.00,0.00,1.80,'','','','','','','','','','','','','','',0,0,0,'',8196.00,'16sf/Box','','',1.40,NULL,1.60,'I07ADEF， II01'),(83,'60230','0','24\"x24\" 4pcs/box Porcelain','','',0,0.00,0.00,1.80,'','','','','','','','','','','','','','',0,0,0,'',11680.00,'16sf/Box','','',1.40,NULL,1.60,'II15 I13'),(84,'603','0','24\"x24\" 4pcs/box Porcelain','','',0,0.00,0.00,1.80,'','','','','','','','','','','','','','',0,0,0,'',16272.00,'16sf/Box','','',1.40,NULL,1.60,'I08CDJ， I13ABGJ， II32ABCDE'),(85,'604','0','24\"x24\" 4pcs/box Porcelain','','',0,0.00,0.00,1.80,'','','','','','','','','','','','','','',0,0,0,'',14052.00,'16sf/Box','','',1.40,NULL,1.60,'I13CDEFGH， II01DE， II02EFG'),(86,'60401','0','24\"x24\" 4pcs/box Porcelain','','',0,0.00,0.00,1.80,'','','','','','','','','','','','','','',0,0,0,'',5072.00,'16sf/Box','','',1.40,NULL,1.60,'II19'),(87,'60401\"','0','12\"x24\" 8pcs/box Porcelain','','',0,0.00,0.00,1.80,'','','','','','','','','','','','','','',0,0,0,'',24942.00,'16sf/Box','','',1.40,NULL,1.60,'II10'),(88,'605\"','0','12\"x24\" 8pcs/box Porcelain','','',0,0.00,0.00,1.80,'','','','','','','','','','','','','','',0,0,0,'',108.00,'16sf/Box','','',1.40,NULL,1.60,'II29DEJ， 114-01'),(89,'606','0','12\"x24\" 8pcs/box Porcelain','','',0,2000.00,0.00,1.80,'','','','','','','','','','','','','','',0,0,0,'',9644.00,'16sf/Box','','',1.40,NULL,1.60,'I11， 114-01'),(90,'606707(18601)(28636)','0','16\"x16\" 8pcs/box Porcelain','','',0,0.00,0.00,2.00,'','','','','','','','','','','','','','',0,0,0,'',12709.30,'14.2sf/box','','',1.60,NULL,1.80,'II25 II26'),(91,'606EL10','0','6\"x24\"  14pcs/box Porcelain','','',0,0.00,0.00,2.40,'','','','','','','','','','','','','','',0,0,0,'',9207.60,'14.3sf/Box','','',2.00,NULL,2.20,'II04 14-1'),(92,'606EL74','0','6\"x24\"  14pcs/box Porcelain','','',0,0.00,0.00,2.40,'','','','','','','','','','','','','','',0,0,0,'',7008.10,'14.3sf/Box','','',2.00,NULL,2.20,'II04 14-1'),(93,'61016','0','24\"x24\" 4pcs/box Porcelain','','',0,5000.00,0.00,1.80,'','','','','','','','','','','','','','',0,0,0,'',10428.00,'16sf/Box','','',1.40,NULL,1.60,'I21， 114-01'),(94,'61101','0','24\"x24\" 4pcs/box Porcelain','','',0,0.00,0.00,1.80,'','','','','','','','','','','','','','',0,0,0,'',5876.00,'16sf/Box','','',1.40,NULL,1.60,'II02 II08'),(95,'61205','0','24\"x24\" 4pcs/box Porcelain','','',0,0.00,0.00,1.20,'','','','','','','','','','','','','','',0,0,0,'',1464.00,'16sf/Box','','',1.20,NULL,1.20,'II06， II07'),(96,'61302','0','24\"x24\" 4pcs/box Porcelain','','',0,0.00,0.00,2.00,'','','','','','','','','','','','','','',0,0,0,'',12444.00,'16sf/Box','','',1.60,NULL,1.80,'I20， 114-01'),(97,'615102','0','6\"x24\"  11pcs/box Porcelain','','',0,0.00,0.00,1.80,'','','','','','','','','','','','','','',0,0,0,'',27948.00,'11sf/Box','','',1.40,NULL,1.60,'I12'),(98,'62-531','0','6\"x24\"  12pcs/box Porcelain','','',0,0.00,0.00,2.40,'','','','','','','','','','','','','','',0,0,0,'',2856.80,'12sf/Box','','',2.00,NULL,2.20,'I03 I05'),(99,'62087','0','12\"x24\" 8pcs/box Ceramic','','',0,0.00,0.00,2.00,'','','','','','','','','','','','','','',0,0,0,'',6496.00,'16sf/box','','',1.50,NULL,1.80,'工地'),(100,'6209','0','12\"x24\" 8pcs/box Porcelain','','',0,8000.00,0.00,1.80,'','','','','','','','','','','','','','',0,0,0,'',5752.00,'16sf/Box','','',1.50,NULL,1.60,'II32'),(101,'62101','0','12\"x24\" 8pcs/box Porcelain','','',0,0.00,0.00,1.80,'','','','','','','','','','','','','','',0,0,0,'',17330.40,'16sf/Box','','',1.40,NULL,1.60,'II17'),(102,'62103','0','24\"x24\" 4pcs/box Porcelain','','',0,0.00,0.00,1.80,'','','','','','','','','','','','','','',0,0,0,'',1944.00,'16sf/Box','','',1.40,NULL,1.60,'II16， II17'),(103,'62133','0','12\"x24\" 8pcs/box Ceramic','','',0,0.00,0.00,2.00,'','','','','','','','','','','','','','',0,0,0,'',4864.00,'16sf/box','','',1.50,NULL,1.80,'工地'),(104,'62166','0','12\"x24\" 8pcs/box Ceramic','','',0,0.00,0.00,1.60,'','','','','','','','','','','','','','',0,0,0,'',7120.00,'16sf/box','','',1.30,NULL,1.50,'工地'),(105,'62207亚光','0','24\"x24\" 4pcs/box Porcelain','','',0,0.00,0.00,1.80,'','','','','','','','','','','','','','',0,0,0,'',4448.00,'16sf/Box','','',1.40,NULL,1.60,'II10， II15'),(106,'62216','0','24\"x24\" 4pcs/box Porcelain','','',0,0.00,0.00,1.80,'','','','','','','','','','','','','','',0,0,0,'',12090.00,'16sf/Box','','',1.40,NULL,1.60,'II14'),(107,'62230','0','24\"x24\" 4pcs/box Porcelain','','',0,0.00,0.00,1.80,'','','','','','','','','','','','','','',0,0,0,'',976.00,'16sf/Box','','',1.40,NULL,1.60,'II26'),(108,'62605P','0','12\"x24\" 8pcs/box Porcelain','','',0,0.00,0.00,1.80,'','','','','','','','','','','','','','',0,0,0,'',128.00,'16sf/Box','','',1.40,NULL,1.60,'II21， 114-01'),(109,'64252','0','24\"x24\" 4pcs/box Porcelain','','',0,0.00,0.00,1.80,'','','','','','','','','','','','','','',0,0,0,'',10104.00,'16sf/Box','','',1.40,NULL,1.60,'II05， 114-01'),(110,'65084','0','24\"x24\" 4pcs/box Porcelain','','',0,4000.00,0.00,1.80,'','','','','','','','','','','','','','',0,0,0,'',15924.00,'16sf/Box','','',1.40,NULL,1.60,'I18 II21'),(111,'66009(35009)','0','12\"x18\" 12pcs/box Ceramic','','',0,0.00,0.00,1.50,'','','','','','','','','','','','','','',0,0,0,'',126.00,'18sf/Box','','',1.10,NULL,1.30,'II30'),(112,'66012','0','12\"x18\" 12pcs/box Ceramic','','',0,0.00,0.00,1.50,'','','','','','','','','','','','','','',0,0,0,'',9198.00,'18sf/Box','','',1.10,NULL,1.30,'I07'),(113,'66018(35018)','0','12\"x18\" 12pcs/box Ceramic','','',0,0.00,0.00,1.50,'','','','','','','','','','','','','','',0,0,0,'',7277.00,'18sf/Box','','',1.10,NULL,1.30,'II05， 114-01'),(114,'66023','0','12\"x24\" 8pcs/box Porcelain','','',0,0.00,0.00,2.00,'','','','','','','','','','','','','','',0,0,0,'',10826.00,'16sf/Box','','',1.60,NULL,1.80,'I09'),(115,'66025(35025)','0','12\"x18\" 12pcs/box Ceramic','','',0,0.00,0.00,1.50,'','','','','','','','','','','','','','',0,0,0,'',7401.00,'18sf/Box','','',1.10,NULL,1.30,'I10， II33'),(116,'66082','0','24\"x24\" 4pcs/box Porcelain','','',0,0.00,0.00,1.80,'','','','','','','','','','','','','','',0,0,0,'',304.00,'16sf/Box','','',1.40,NULL,1.60,'I14， 114-01'),(117,'66099','0','12\"x18\" 12pcs/box Ceramic','','',0,0.00,0.00,1.50,'','','','','','','','','','','','','','',0,0,0,'',16375.80,'18sf/Box','','',1.10,NULL,1.30,'I22， 114-01，I21， I12'),(118,'66101','0','24\"x24\" 4pcs/box Porcelain','','',0,0.00,0.00,1.80,'','','','','','','','','','','','','','',0,0,0,'',1040.00,'16sf/Box','','',1.40,NULL,1.60,'I14G， II16AEG， II30C'),(119,'66106','0','24\"x24\" 4pcs/box Porcelain','','',0,0.00,0.00,1.80,'','','','','','','','','','','','','','',0,0,0,'',108.00,'16sf/Box','','',1.40,NULL,1.60,'I17， I18 114-01'),(120,'66175','0','12\"x18\" 12pcs/box Ceramic','','',0,0.00,0.00,1.50,'','','','','','','','','','','','','','',0,0,0,'',8487.00,'18sf/Box','','',1.10,NULL,1.30,'II02， II04， 114-01'),(121,'66215','0','24\"x24\" 4pcs/box Porcelain','','',0,0.00,0.00,1.80,'','','','','','','','','','','','','','',0,0,0,'',3216.00,'16sf/Box','','',1.40,NULL,1.60,'II09'),(122,'66221','0','24\"x24\" 4pcs/box Porcelain','','',0,0.00,0.00,1.80,'','','','','','','','','','','','','','',0,0,0,'',13216.00,'16sf/Box','','',1.40,NULL,1.60,'II14， II28'),(123,'66232','0','24\"x24\" 4pcs/box Porcelain','','',0,0.00,0.00,1.80,'','','','','','','','','','','','','','',0,0,0,'',8552.00,'16sf/Box','','',1.40,NULL,1.60,'II29'),(124,'66232\"','0','12\"x24\" 8pcs/box Porcelain','','',0,2000.00,0.00,1.80,'','','','','','','','','','','','','','',0,0,0,'',9024.00,'16sf/Box','','',1.40,NULL,1.60,'I16， 114-01'),(125,'66311','0','24\"x24\" 4pcs/box Porcelain','','',0,0.00,0.00,1.80,'','','','','','','','','','','','','','',0,0,0,'',12916.00,'16sf/Box','','',1.40,NULL,1.60,'II25 II26'),(126,'66320(119411)','0','12\"x18\" 12pcs/box Ceramic','','',0,0.00,0.00,1.50,'','','','','','','','','','','','','','',0,0,0,'',3329.50,'18sf/Box','','',1.10,NULL,1.30,'I11 I13 I15'),(127,'66321','0','12\"x18\" 12pcs/box Ceramic','','',0,0.00,0.00,1.00,'','','','','','','','','','','','','','',0,0,0,'',15579.00,'18sf/Box','','',1.00,NULL,1.00,'II19'),(128,'66325(L42001)','0','12\"x18\" 12pcs/box Ceramic','','',0,0.00,0.00,1.50,'','','','','','','','','','','','','','',0,0,0,'',16155.00,'18sf/Box','','',1.10,NULL,1.30,'II27 工地'),(129,'66326','0','12\"x18\" 12pcs/box Ceramic','','',0,0.00,0.00,1.50,'','','','','','','','','','','','','','',0,0,0,'',35856.00,'18sf/box','','',1.10,NULL,1.30,'I22  工地'),(130,'6636A','0','24\"x24\" 4pcs/box Porcelain','','',0,0.00,0.00,2.00,'','','','','','','','','','','','','','',0,0,0,'',23256.00,'16sf/Box','','',1.60,NULL,1.80,'II21， 114-01'),(131,'66402','0','24\"x24\" 4pcs/box Porcelain','','',0,0.00,0.00,2.00,'','','','','','','','','','','','','','',0,0,0,'',2288.00,'16sf/Box','','',1.60,NULL,1.80,'I03， I11'),(132,'66402\"','0','12\"x24\" 8pcs/box Porcelain','','',0,5000.00,0.00,1.80,'','','','','','','','','','','','','','',0,0,0,'',13764.00,'16sf/Box','','',1.40,NULL,1.60,'I10'),(133,'66601\"(69601)\"','0','12\"x24\" 8pcs/box Porcelain','','',0,0.00,0.00,2.00,'','','','','','','','','','','','','','',0,0,0,'',3860.00,'16sf/Box','','',1.60,NULL,1.80,'II11， 114-01'),(134,'66601(69601)','0','24\"x24\" 4pcs/box Porcelain','','',0,0.00,0.00,2.00,'','','','','','','','','','','','','','',0,0,0,'',16.00,'16sf/Box','','',1.60,NULL,1.80,'II10'),(135,'66602','0','12\"x24\" 8pcs/box Porcelain','','',0,0.00,0.00,2.00,'','','','','','','','','','','','','','',0,0,0,'',1664.00,'16sf/Box','','',1.60,NULL,1.80,'II22， 114-01'),(136,'66603','0','12\"x24\" 8pcs/box Porcelain','','',0,0.00,0.00,2.00,'','','','','','','','','','','','','','',0,0,0,'',34142.00,'16sf/Box','','',1.60,NULL,1.80,'II02'),(137,'67308','0','12\"x24\" 8pcs/box Porcelain','','',0,0.00,0.00,2.00,'','','','','','','','','','','','','','',0,0,0,'',3176.00,'16sf/Box','','',1.60,NULL,1.80,'II22， 114-01'),(138,'68007Q','0','24\"x24\" 4pcs/box Porcelain','','',0,0.00,0.00,2.00,'','','','','','','','','','','','','','',0,0,0,'',6384.00,'16sf/Box','','',1.60,NULL,1.80,'I05， 114-01'),(139,'680080(68008Q)','0','24\"x24\" 4pcs/box Ceramic','','',0,0.00,0.00,2.00,'','','','','','','','','','','','','','',0,0,0,'',3716.00,'16sf/Box','','',1.60,NULL,1.80,'I09， II32A， I18'),(140,'68009Q','0','24\"x24\" 4pcs/box Porcelain','','',0,0.00,0.00,2.00,'','','','','','','','','','','','','','',0,0,0,'',30804.00,'16sf/Box','','',1.60,NULL,1.80,'I10， 114-01， I07'),(141,'68012','0','24\"x24\" 4pcs/box Porcelain','','',0,0.00,0.00,1.80,'','','','','','','','','','','','','','',0,0,0,'',2628.00,'16sf/Box','','',1.40,NULL,1.60,'I08'),(142,'68013Q','0','24\"x24\" 4pcs/box Porcelain','','',0,0.00,0.00,2.00,'','','','','','','','','','','','','','',0,0,0,'',15368.00,'16sf/Box','','',1.60,NULL,1.80,'II19， 114-01'),(143,'68022Q','0','24\"x24\" 4pcs/box Porcelain','','',0,0.00,0.00,2.00,'','','','','','','','','','','','','','',0,0,0,'',6508.00,'16sf/Box','','',1.60,NULL,1.80,'I12， 114-01'),(144,'69-082','0','12\"x24\" 8pcs/box Porcelain','','',0,0.00,0.00,2.40,'','','','','','','','','','','','','','',0,0,0,'',5810.00,'16sf/Box','','',2.00,NULL,2.20,'I04 I08'),(145,'6947','0','24\"x24\" 4pcs/box Porcelain','','',0,0.00,0.00,1.20,'','','','','','','','','','','','','','',0,0,0,'',168.00,'16sf/Box','','',1.20,NULL,1.20,'I12'),(146,'69608\"(6188\")','0','12\"x24\" 8pcs/box Porcelain','','',0,0.00,0.00,2.00,'','','','','','','','','','','','','','',0,0,0,'',6140.00,'16sf/Box','','',1.60,NULL,1.80,'II20. 114-01'),(147,'6A027B','0','24\"x24\" 4pcs/box Porcelain','','',0,0.00,0.00,1.80,'','','','','','','','','','','','','','',0,0,0,'',1896.00,'16sf/Box','','',1.40,NULL,1.60,'114-01， I05'),(148,'6A23\"\"(1608\"\")','0','12\"x12\" 12pcs/box Ceramic','','',0,0.00,0.00,1.80,'','','','','','','','','','','','','','',0,0,0,'',406.00,'12sf/Box','','',1.40,NULL,1.60,'II15A， S03B'),(149,'6D35805','0','12\"x18\" 12pcs/box Ceramic','','',0,0.00,0.00,1.50,'','','','','','','','','','','','','','',0,0,0,'',7293.50,'18sf/Box','','',1.10,NULL,1.30,'II01'),(150,'6D35810','0','12\"x18\" 12pcs/box Ceramic','','',0,0.00,0.00,1.50,'','','','','','','','','','','','','','',0,0,0,'',32360.00,'18sf/Box','','',1.10,NULL,1.30,'I04， 114-01'),(151,'6D35837','0','12\"x18\" 12pcs/box Ceramic','','',0,0.00,0.00,1.50,'','','','','','','','','','','','','','',0,0,0,'',22306.00,'18sf/Box','','',1.10,NULL,1.30,'II10， 114-01'),(152,'6D6001(6D7001)','0','12\"x24\" 8pcs/box Ceramic','','',0,0.00,0.00,1.60,'','','','','','','','','','','','','','',0,0,0,'',10172.00,'16sf/Box','','',1.20,NULL,1.40,'I16'),(153,'6F045(96023)','0','24\"x24\" 4pcs/box Porcelain','','',0,0.00,0.00,2.00,'','','','','','','','','','','','','','',0,0,0,'',10698.00,'16sf/Box','','',1.60,NULL,1.80,'II10'),(154,'6P102','0','24\"x24\" 4pcs/box Porcelain','','',0,0.00,0.00,2.00,'','','','','','','','','','','','','','',0,0,0,'',3704.00,'16sf/Box','','',1.60,NULL,1.80,'II10， 114-01'),(155,'6P207','0','24\"x24\" 4pcs/box Porcelain','','',0,0.00,0.00,1.80,'','','','','','','','','','','','','','',0,0,0,'',6240.00,'16sf/Box','','',1.40,NULL,1.60,'II21'),(156,'6P512','0','24\"x24\" 4pcs/box Porcelain','','',0,0.00,0.00,1.80,'','','','','','','','','','','','','','',0,0,0,'',4032.00,'16sf/Box','','',1.40,NULL,1.60,'II06'),(157,'6P516','0','24\"x24\" 4pcs/box Porcelain','','',0,0.00,0.00,1.80,'','','','','','','','','','','','','','',0,0,0,'',12880.00,'16sf/Box','','',1.40,NULL,1.60,'II16'),(158,'6P601','0','24\"x24\" 4pcs/box Porcelain','','',0,0.00,0.00,1.80,'','','','','','','','','','','','','','',0,0,0,'',10316.00,'16sf/Box','','',1.40,NULL,1.60,'I03'),(159,'6P607','0','24\"x24\" 4pcs/box Porcelain','','',0,0.00,0.00,2.00,'','','','','','','','','','','','','','',0,0,0,'',2672.00,'16sf/Box','','',1.60,NULL,1.80,'II05'),(160,'6P707','0','24\"x24\" 4pcs/box Porcelain','','',0,0.00,0.00,1.80,'','','','','','','','','','','','','','',0,0,0,'',456.00,'16sf/Box','','',1.40,NULL,1.60,'II13'),(161,'6P905','0','24\"x24\" 4pcs/box Porcelain','','',0,0.00,0.00,2.00,'','','','','','','','','','','','','','',0,0,0,'',2412.00,'16sf/Box','','',1.50,NULL,1.70,'II12， 114-01'),(162,'6W60(6CPM001)','0','24\"x24\" 4pcs/box Porcelain','','',0,0.00,0.00,1.80,'','','','','','','','','','','','','','',0,0,0,'',13714.00,'16sf/Box','','',1.40,NULL,1.60,'I20， II19'),(163,'黑缸砖6\"x6\" 44pcs/box','0','6x6 Black Quarry Tile 黑缸砖6\"x6\" 44pcs/box','','',0,0.00,0.00,1.90,'','','','','','','','','','','','','','',0,0,0,'',269.00,'11sf/Box','','',1.50,NULL,1.70,''),(164,'灰缸砖6\"x6\" 44pcs/box','0','6x6 Grey  Quarry Tile 灰缸砖6\"x6\" 44pcs/box','','',0,0.00,0.00,2.00,'','','','','','','','','','','','','','',0,0,0,'',1313.50,'11sf/Box','','',1.60,NULL,1.80,'S04'),(165,'红缸砖6\"x6\" 28pcs/Box','0','6x6 Red   Quarry MayFlower 红缸砖6\"x6\" 28pcs/box','','',0,0.00,0.00,1.80,'','','','','','','','','','','','','','',0,0,0,'',461.25,'7sf/Box','','',1.40,NULL,1.60,''),(166,'红缸砖6\"x6\" 34pcs/Box','0','6x6 Red   Quarry MayFlower 红缸砖6\"x6\" 34pcs/box','','',0,0.00,0.00,1.80,'','','','','','','','','','','','','','',0,0,0,'',109.50,'8.5sf/Box','','',1.40,NULL,1.60,''),(167,'红缸砖6\"x6\" 40pcs/Box','0','6x6 Red   Quarry MayFlower 红缸砖6\"x6\" 40pcs/box','','',0,0.00,0.00,1.80,'','','','','','','','','','','','','','',0,0,0,'',20.00,'10sf/box','','',1.40,NULL,1.60,''),(168,'红缸砖6\"x6\" 44pcs/Box','0','6x6 Red   Quarry MayFlower 红缸砖6\"x6\" 44pcs/box','','',0,0.00,0.00,1.80,'','','','','','','','','','','','','','',0,0,0,'',8701.00,'11sf/Box','','',1.40,NULL,1.60,''),(169,'6x6全白','0','6\"x6\" 50pcs/box Quarry Tile','','',0,0.00,0.00,1.80,'','','','','','','','','','','','','','',0,0,0,'',272.67,'12.5sf/Box','','',1.40,NULL,1.60,''),(170,'76347','0','12\"x24\" 8pcs/box Ceramic','','',0,0.00,0.00,1.10,'','','','','','','','','','','','','','',0,0,0,'',1744.00,'16sf/Box','','',1.10,NULL,1.10,'II12'),(171,'81004','0','16\"x16\" 8pcs/box Porcelain','','',0,0.00,0.00,2.00,'','','','','','','','','','','','','','',0,0,0,'',3701.70,'14.2sf/box','','',1.60,NULL,1.80,'I04， 114-01'),(172,'81006','0','16\"x16\" 8pcs/box Porcelain','','',0,0.00,0.00,2.00,'','','','','','','','','','','','','','',0,0,0,'',4595.60,'14.2sf/box','','',1.60,NULL,1.80,'I19'),(173,'81102','0','16\"x16\" 8pcs/box Porcelian','','',0,0.00,0.00,1.80,'','','','','','','','','','','','','','',0,0,0,'',8079.94,'14.2sf/box','','',1.50,NULL,1.60,'I22， 114-01'),(174,'81107','0','16\"x16\" 8pcs/box Porcelain','','',0,0.00,0.00,1.80,'','','','','','','','','','','','','','',0,0,0,'',11070.10,'14.2sf/box','','',1.50,NULL,1.60,'I12H， II24'),(175,'81108','0','16\"x16\" 8pcs/box Porcelain','','',0,0.00,0.00,1.80,'','','','','','','','','','','','','','',0,0,0,'',10828.20,'14.2sf/box','','',1.50,NULL,1.60,'II15， II20'),(176,'81118','0','16\"x16\" 8pcs/box Porcelain','','',0,0.00,0.00,2.00,'','','','','','','','','','','','','','',0,0,0,'',3475.02,'14.3sf/Box','','',1.60,NULL,1.80,'II08'),(177,'81601','0','16\"x16\" 8pcs/box Porcelain','','',0,0.00,0.00,1.80,'','','','','','','','','','','','','','',0,0,0,'',10556.80,'14.2sf/box','','',1.50,NULL,1.60,'I12， I19'),(178,'81603','0','16\"x16\" 8pcs/box Porcelian','','',0,0.00,0.00,1.80,'','','','','','','','','','','','','','',0,0,0,'',13030.40,'14.2sf/Box','','',1.50,NULL,1.60,'II03'),(179,'81985','0','16\"x16\" 8pcs/box Porcelain','','',0,0.00,0.00,2.00,'','','','','','','','','','','','','','',0,0,0,'',11189.58,'14.2sf/box','','',1.60,NULL,1.80,'II08， II14， II30'),(180,'81988','0','16\"x16\" 8pcs/box Porcelain','','',0,0.00,0.00,2.00,'','','','','','','','','','','','','','',0,0,0,'',10774.50,'14.2sf/box','','',1.60,NULL,1.80,'114-01， II25， II23， II31'),(181,'82110','0','16\"x16\" 8pcs/box Porcelain','','',0,0.00,0.00,1.80,'','','','','','','','','','','','','','',0,0,0,'',925.80,'14.2sf/box','','',1.50,NULL,1.60,'I08'),(182,'83101','0','16\"x16\" 8pcs/box Porcelian','','',0,0.00,0.00,1.80,'','','','','','','','','','','','','','',0,0,0,'',4869.04,'14.2sf/box','','',1.50,NULL,1.60,'II26， 114-01'),(183,'84105','0','16\"x16\" 8pcs/box Porcelain','','',0,0.00,0.00,1.80,'','','','','','','','','','','','','','',0,0,0,'',32893.74,'14.2sf/box','','',1.50,NULL,1.60,'II07， 114-01'),(184,'86031','0','16\"x16\" 8pcs/box Porcelian','','',0,0.00,0.00,1.80,'','','','','','','','','','','','','','',0,0,0,'',14311.18,'14.2sf/box','','',1.50,NULL,1.60,'II17 114-01 II27 II28'),(185,'86099','0','12\"x18\" 12pcs/box Ceramic','','',0,2000.00,0.00,1.00,'','','','','','','','','','','','','','',0,0,0,'',23634.60,'18.7sf/Box','','',1.00,NULL,1.00,'I19ABCDJ， II13ABCD'),(186,'863008US','0','12\"x24\" 8pcs/box Porcelain','','',0,0.00,0.00,1.80,'','','','','','','','','','','','','','',0,0,0,'',6300.00,'16sf/Box','','',1.50,NULL,1.60,'I18 S02'),(187,'87105','0','16\"x16\" 8pcs/box Porcelain','','',0,0.00,0.00,1.80,'','','','','','','','','','','','','','',0,0,0,'',10213.08,'14.2sf/box','','',1.50,NULL,1.60,'II28'),(188,'87108','0','16\"x16\" 8pcs/box Porcelain','','',0,0.00,0.00,1.80,'','','','','','','','','','','','','','',0,0,0,'',464.34,'14.2sf/box','','',1.50,NULL,1.60,'I08'),(189,'8801(DA6000)','0','12\"x24\" 8pcs/box(7pcs/Box) Ceramic','','',0,0.00,0.00,1.70,'','','','','','','','','','','','','','',0,0,0,'',64.00,'16sf/Box','','',1.30,NULL,1.50,'I04'),(190,'88017Q','0','32\"x32\" 3pcs/box Porcelain','','',0,4000.00,0.00,3.00,'','','','','','','','','','','','','','',0,0,0,'',7853.54,'21.3sf/box','','',2.40,NULL,2.60,'II28， 114-01'),(191,'88101','0','16\"x16\" 8pcs/box Porcelian','','',0,0.00,0.00,2.00,'','','','','','','','','','','','','','',0,0,0,'',17763.40,'14.2sf/box','','',1.60,NULL,1.80,'II18， 114-01'),(192,'88201','0','16\"x16\" 8pcs/box Porcelain','','',0,0.00,0.00,1.30,'','','','','','','','','','','','','','',0,0,0,'',20262.40,'14.2sf/box','','',1.30,NULL,1.30,'I06CDEF， II30DEGHIJK'),(193,'8B005(68013)','0','32\"x32\" 3pcs/box Porcelain','','',0,0.00,0.00,3.00,'','','','','','','','','','','','','','',0,0,0,'',4984.00,'21.3sf/Box','','',2.40,NULL,2.60,'II30'),(194,'8B8007','0','32\"x32\" 3pcs/box Porcelain','','',0,0.00,0.00,2.80,'','','','','','','','','','','','','','',0,0,0,'',853.00,'21.33sf/Bo','','',2.40,NULL,2.60,'II27'),(195,'8JS007(8412)','0','16\"x32\" 6pcs/box Porcelain','','',0,0.00,0.00,2.80,'','','','','','','','','','','','','','',0,0,0,'',1281.00,'17.8sf/Box','','',2.40,NULL,2.60,'I23，II08，II32'),(196,'8P018Q','0','16\"x16\" 8pcs/box Porcelain','','',0,0.00,0.00,2.20,'','','','','','','','','','','','','','',0,0,0,'',4767.30,'14.2sf/box','','',1.80,NULL,2.00,'I19， 114-01'),(197,'919427(119427)','0','12\"x18\" 12pcs/box Ceramic','','',0,0.00,0.00,1.00,'','','','','','','','','','','','','','',0,0,0,'',9088.50,'18sf/Box','','',1.00,NULL,1.00,'I14'),(198,'95035','0','12\"x12\" 17pcs/box Ceramic','','',0,0.00,0.00,1.50,'','','','','','','','','','','','','','',0,0,0,'',1071.00,'17sf/Box','','',1.20,NULL,1.30,'II13AC'),(199,'98202(16202)(18202)','0','32\"x32\" 3pcs/box Porcelain','','',0,0.00,0.00,2.80,'','','','','','','','','','','','','','',0,0,0,'',3413.66,'21.3sf/box','','',2.40,NULL,2.60,'I10J， II27， 114-01'),(200,'99653','0','12\"x24\" 10pcs/box Ceramic','','',0,0.00,0.00,1.70,'','','','','','','','','','','','','','',0,0,0,'',14670.00,'20sf/Box','','',1.30,NULL,1.50,'II32，I17'),(201,'A290','0','12\"x24\" 8pcs/box Porcelain','','',0,0.00,0.00,2.80,'','','','','','','','','','','','','','',0,0,0,'',6652.00,'16sf/Box','','',2.40,NULL,2.60,'I08'),(202,'A292','0','12\"x24\" 8pcs/box Porcelain','','',0,0.00,0.00,2.80,'','','','','','','','','','','','','','',0,0,0,'',8744.00,'16sf/Box','','',2.40,NULL,2.60,'II09 I05'),(203,'A5','0','12\"x12\" 15pcs/box Onyx Grigio','','',0,0.00,0.00,1.80,'','','','','','','','','','','','','','',0,0,0,'',910.00,'15sf/Box','','',1.40,NULL,1.60,'II02'),(204,'A634326','0','12\"x24\" 7pcs/box Porcelain','','',0,0.00,0.00,2.00,'','','','','','','','','','','','','','',0,0,0,'',9422.00,'14sf/Box','','',1.60,NULL,1.80,'II10'),(205,'A723','0','12\"x24\" 8pcs/box Ceramic','','',0,0.00,0.00,2.40,'','','','','','','','','','','','','','',0,0,0,'',2430.00,'16sf/Box','','',2.00,NULL,2.20,'I10'),(206,'A757','0','12\"x12\" 13pcs/box Porcelain','','',0,0.00,0.00,1.90,'','','','','','','','','','','','','','',0,0,0,'',6669.00,'13sf/box','','',1.50,NULL,1.70,'I19'),(207,'A760','0','12\"x24\" 8pcs/box Porcelain','','',0,0.00,0.00,2.40,'','','','','','','','','','','','','','',0,0,0,'',4032.00,'16sf/Box','','',2.00,NULL,2.20,'I07'),(208,'A8121','0','6\"x32\"  10pcs/box Porcelain','','',0,0.00,0.00,2.20,'','','','','','','','','','','','','','',0,0,0,'',14084.70,'13.3sf/Box','','',1.80,NULL,2.00,'II15'),(209,'AB365','0','17\"x17\" 11pcs/box Ceramic Artica Blanca Ecologico','','',0,0.00,0.00,1.60,'','','','','','','','','','','','','','',0,0,0,'',8965.45,'22.11sf/Box','','',1.20,NULL,1.40,'II03ABEG'),(210,'AM3','0','9\"x48\"  6pcs/box Porcelain','','',0,0.00,0.00,3.60,'','','','','','','','','','','','','','',0,0,0,'',6318.00,'18sf/box','','',3.00,NULL,3.30,'14Ave'),(211,'AYM602','0','12\"x24\" 8pcs/box Porcelain','','',0,0.00,0.00,2.00,'','','','','','','','','','','','','','',0,0,0,'',6432.00,'16sf/box','','',1.60,NULL,1.80,'II29'),(212,'AYQ17606','0','24\"x24\" 4pcs/box Porcelain','','',0,0.00,0.00,2.00,'','','','','','','','','','','','','','',0,0,0,'',25856.00,'16sf/Box','','',1.60,NULL,1.80,'II04'),(213,'AYRW6168','0','9\"x36\"  6pcs/box Porcelain','','',0,0.00,0.00,2.60,'','','','','','','','','','','','','','',0,0,0,'',12960.00,'13.5sf/Box','','',2.00,NULL,2.40,'II05，II06，工地'),(214,'B01','0','12\"x24\" 6pcs/box Legni Venge意大利砖','','',0,0.00,0.00,2.80,'','','','','','','','','','','','','','',0,0,0,'',1716.00,'12sf/Box','','',2.40,NULL,2.60,'II26'),(215,'B02','0','12\"x24\" 6pcs/box Lava Nero意大利砖','','',0,0.00,0.00,2.80,'','','','','','','','','','','','','','',0,0,0,'',1968.00,'12sf/Box','','',2.40,NULL,2.60,'II26IJK'),(216,'B506','0','12\"x24\" 6pcs/box Porcelain Capella Sand','','',0,0.00,0.00,2.80,'','','','','','','','','','','','','','',0,0,0,'',1310.00,'12sf/Box','','',2.40,NULL,2.60,'I21'),(217,'B507','0','12\"x24\" 6pcs/box Porcelain Capella Silt','','',0,0.00,0.00,2.80,'','','','','','','','','','','','','','',0,0,0,'',862.00,'12sf/Box','','',2.40,NULL,2.60,'I22， S01'),(218,'BM1225','0','8\"x12\"  28pcs/box Ceramic','','',0,0.00,0.00,1.00,'','','','','','','','','','','','','','',0,0,0,'',7488.15,'18.8sf/Box','','',1.00,NULL,1.00,'II12， 114-01'),(219,'BOIJ2','0','12\"x12\" 16pcs/box Porcelain','','',0,0.00,0.00,1.80,'','','','','','','','','','','','','','',0,0,0,'',2628.00,'16sf/Box','','',1.50,NULL,1.60,'I21'),(220,'白砖3x6平面','0','白砖3x6平面 136pcs/box Ceramic','','',0,0.00,0.00,1.80,'','','','','','','','','','','','','','',0,0,0,'',11168.75,'17sf/Box','','',1.40,NULL,1.60,'S02'),(221,'白砖3x6斜边','0','白砖3x6斜边 116pcs/box Ceramic White Glossy3X6 Beveled','','',0,0.00,0.00,1.80,'','','','','','','','','','','','','','',0,0,0,'',2411.90,'14.5sf/Box','','',1.40,NULL,1.60,'S02'),(222,'白砖4\"x4\"','0','白砖4\"x4\" 80pcs/box Ceramic','','',0,0.00,0.00,1.80,'','','','','','','','','','','','','','',0,0,0,'',1640.79,'10sf/box','','',1.50,NULL,1.60,'S04C'),(223,'C01-F','0','13\"x13\" 13pcs/box Ceramic','','',0,0.00,0.00,1.60,'','','','','','','','','','','','','','',0,0,0,'',3179.16,'15.2sf/box','','',1.20,NULL,1.40,'II16CF， II19H'),(224,'C01-W','0','10\"x20\" 13pcs/box Ceramic','','',0,0.00,0.00,1.50,'','','','','','','','','','','','','','',0,0,0,'',7236.70,'18sf/Box','','',1.10,NULL,1.30,'II13'),(225,'C3301','0','13\"x13\" 13pcs/box Ceramic','','',0,0.00,0.00,1.00,'','','','','','','','','','','','','','',0,0,0,'',25.60,'15.2sf/box','','',1.00,NULL,1.00,'I21， 114-01'),(226,'C3302','0','13\"x13\" 13pcs/box Ceramic','','',0,0.00,0.00,1.40,'','','','','','','','','','','','','','',0,0,0,'',2571.00,'15.2sf/box','','',1.00,NULL,1.20,'II20， 114-01'),(227,'C36202(6202)','0','12\"x24\" 8pcs/box Porcelain','','',0,0.00,0.00,1.80,'','','','','','','','','','','','','','',0,0,0,'',13904.00,'16sf/Box','','',1.40,NULL,1.60,'I09 I13'),(228,'C36205\"','0','12\"x24\" 8pcs/box Porcelain','','',0,0.00,0.00,1.80,'','','','','','','','','','','','','','',0,0,0,'',16496.00,'16sf/Box','','',1.40,NULL,1.60,'I13，I12'),(229,'C60780','0','24\"x24\" 4pcs/box Porcelain','','',0,0.00,0.00,2.00,'','','','','','','','','','','','','','',0,0,0,'',1376.00,'16sf/Box','','',1.60,NULL,1.80,'II01'),(230,'CE1224(CV50)','0','IP-1224MK-CE 6pcs/Box Mikasa Cenere','','',0,0.00,0.00,2.40,'','','','','','','','','','','','','','',0,0,0,'',0.00,'12sf/Box','','',2.00,NULL,2.20,''),(231,'CM1224','0','12\"x24\" 6pcs/box Porcelain','','',0,0.00,0.00,2.80,'','','','','','','','','','','','','','',0,0,0,'',786.00,'12sf/Box','','',2.40,NULL,2.60,'I09'),(232,'CMJ24','0','24\"x24\" 4pcs/box Porcelain Cemento Greis J24','','',0,0.00,0.00,2.40,'','','','','','','','','','','','','','',0,0,0,'',11116.00,'16sf/Box','','',2.00,NULL,2.20,'II31， 114-01'),(233,'CR6306','0','12\"x24\" 6pcs/box Porcelain','','',0,0.00,0.00,1.80,'','','','','','','','','','','','','','',0,0,0,'',5020.00,'12sf/Box','','',1.40,NULL,1.60,'II22'),(234,'CT6616','0','12\"x24\" 8pcs/box Porcelain','','',0,0.00,0.00,18.00,'','','','','','','','','','','','','','',0,0,0,'',3992.00,'16sf/Box','','',1.40,NULL,1.60,'114-01， II25'),(235,'CT6616*','0','24\"x24\" 4pcs/box Porcelain','','',0,0.00,0.00,1.80,'','','','','','','','','','','','','','',0,0,0,'',14000.00,'16sf/Box','','',1.40,NULL,1.60,'II11， II12， 114-01'),(236,'CT6616\"','0','12\"x12\" 16pcs/box Ceramic','','',0,0.00,0.00,1.80,'','','','','','','','','','','','','','',0,0,0,'',2539.00,'16sf/Box','','',1.40,NULL,1.60,'II16'),(237,'CTT4301','0','16\"x16\" 8pcs/box Porcelain','','',0,0.00,0.00,2.00,'','','','','','','','','','','','','','',0,0,0,'',10031.56,'14.2sf/box','','',1.60,NULL,1.80,'Ⅱ18'),(238,'CTT8301','0','32\"x32\" 3pcs/box Porcelain','','',0,0.00,0.00,2.80,'','','','','','','','','','','','','','',0,0,0,'',20901.90,'21.3sf/box','','',2.40,NULL,2.60,'Ⅱ32'),(239,'CZ3604(GF6822)','0','12\"x24\" 8pcs/box Porcelain','','',0,0.00,0.00,1.80,'','','','','','','','','','','','','','',0,0,0,'',3856.00,'16sf/Box','','',1.40,NULL,1.60,'II22， 114-01'),(240,'CZ3606','0','12\"x24\" 8pcs/box Porcelain','','',0,0.00,0.00,1.80,'','','','','','','','','','','','','','',0,0,0,'',4536.00,'16sf/Box','','',1.40,NULL,1.60,'I12，I18， II19， II20'),(241,'D1562257','0','6\"x24\"  11pcs/box Porcelain','','',0,0.00,0.00,1.80,'','','','','','','','','','','','','','',0,0,0,'',5442.00,'11sf/box','','',1.50,NULL,1.60,'I21'),(242,'D43007','0','12\"x18\" 12pcs/box Ceramic','','',0,0.00,0.00,1.50,'','','','','','','','','','','','','','',0,0,0,'',13924.00,'18sf/Box','','',1.10,NULL,1.30,'II11，114-01'),(243,'D46011','0','12\"x18\" 12pcs/box Ceramic','','',0,4000.00,0.00,1.50,'','','','','','','','','','','','','','',0,0,0,'',10677.00,'18sf/Box','','',1.10,NULL,1.30,'I20 I15 114-01'),(244,'D4820','0','12\"x18\" 12pcs/box Ceramic','','',0,0.00,0.00,1.50,'','','','','','','','','','','','','','',0,0,0,'',8883.00,'18sf/Box','','',1.10,NULL,1.30,'I16'),(245,'D6001A','0','12\"x12\" 17pcs/box Ceramic','','',0,0.00,0.00,1.50,'','','','','','','','','','','','','','',0,0,0,'',2024.00,'17sf/Box','','',1.10,NULL,1.30,'II24'),(246,'D6016A','0','12\"x12\" 17pcs/box Ceramic','','',0,0.00,0.00,1.50,'','','','','','','','','','','','','','',0,0,0,'',5374.00,'17sf/Box','','',1.10,NULL,1.30,'II21， II23， II28'),(247,'D6056A','0','12\"x12\" 17pcs/box Ceramic','','',0,0.00,0.00,1.00,'','','','','','','','','','','','','','',0,0,0,'',2981.00,'17sf/Box','','',1.00,NULL,1.00,'I02D， II28EK'),(248,'D68635','0','12\"x24\" 8pcs/box Ceramic','','',0,0.00,0.00,1.80,'','','','','','','','','','','','','','',0,0,0,'',15002.00,'16sf/Box','','',1.30,NULL,1.50,'I07'),(249,'D68636','0','12\"x24\" 8pcs/box Ceramic','','',0,0.00,0.00,1.80,'','','','','','','','','','','','','','',0,0,0,'',5194.00,'16sf/Box','','',1.30,NULL,1.50,'II24， 114-01'),(250,'D68637','0','12\"x24\" 8pcs/box Ceramic','','',0,0.00,0.00,1.80,'','','','','','','','','','','','','','',0,0,0,'',17078.00,'16sf/Box','','',1.30,NULL,1.50,'II19， 114-01'),(251,'D68643-3','0','12\"x24\" 8pcs/box Ceramic','','',0,0.00,0.00,1.80,'','','','','','','','','','','','','','',0,0,0,'',33580.00,'16sf/Box','','',1.30,NULL,1.50,'II05，II06，工地 14AVE'),(252,'D68645-3','0','12\"x24\" 8pcs/box Ceramic','','',0,0.00,0.00,1.80,'','','','','','','','','','','','','','',0,0,0,'',33600.00,'16sf/Box','','',1.30,NULL,1.50,'I20 II02'),(253,'D68646-3','0','12\"x24\" 8pcs/box Ceramic','','',0,0.00,0.00,1.80,'','','','','','','','','','','','','','',0,0,0,'',27852.00,'16sf/Box','','',1.30,NULL,1.50,'I20 I02 14AVE'),(254,'D68647-3','0','12\"x24\" 8pcs/box Ceramic','','',0,0.00,0.00,1.80,'','','','','','','','','','','','','','',0,0,0,'',16752.00,'16sf/Box','','',1.30,NULL,1.50,'II13 工地'),(255,'D68901','0','12\"x24\" 8pcs/box Ceramic','','',0,0.00,0.00,1.80,'','','','','','','','','','','','','','',0,0,0,'',9744.00,'16sf/Box','','',1.30,NULL,1.50,'II04'),(256,'E66277','0','12\"x18\" 12pcs/box Ceramic','','',0,0.00,0.00,1.50,'','','','','','','','','','','','','','',0,0,0,'',5400.00,'18sf/Box','','',1.10,NULL,1.30,'II07'),(257,'EF63112','0','12\"x24\" 6pcs/box Porcelian','','',0,0.00,0.00,3.20,'','','','','','','','','','','','','','',0,0,0,'',9044.00,'12sf/Box','','',2.00,NULL,2.80,'II22'),(258,'EF83602','0','12\"x32\" 6pcs/box Porcelain','','',0,0.00,0.00,3.20,'','','','','','','','','','','','','','',0,0,0,'',7357.30,'16sf/Box','','',2.00,NULL,2.80,'I12'),(259,'EM63101','0','12\"x24\" 6pcs/box Porcelain','','',0,0.00,0.00,2.40,'','','','','','','','','','','','','','',0,0,0,'',4176.00,'12sf/Box','','',2.00,NULL,2.20,'II03'),(260,'EM63102','0','12\"x24\" 6pcs/box Porcelain','','',0,0.00,0.00,2.40,'','','','','','','','','','','','','','',0,0,0,'',3252.00,'12sf/Box','','',2.00,NULL,2.20,'II11'),(261,'EM63103','0','12\"x24\" 6pcs/box Porcelain','','',0,0.00,0.00,3.00,'','','','','','','','','','','','','','',0,0,0,'',1914.00,'12sf/Box','','',2.20,NULL,2.60,'II10'),(262,'EM63112-HP','0','12\"x24\" 6pcs/box Porcelian','','',0,1500.00,0.00,3.50,'','','','','','','','','','','','','','',0,0,0,'',2072.00,'12sf/Box','','',2.20,NULL,2.60,'II08'),(263,'EM83101','0','12\"x32\" 6pcs/box Porcelian','','',0,0.00,0.00,3.50,'','','','','','','','','','','','','','',0,0,0,'',4405.20,'16sf/Box','','',2.20,NULL,2.60,'II18'),(264,'EM83301','0','12\"x32\" 6pcs/box Porcelian','','',0,0.00,0.00,3.50,'','','','','','','','','','','','','','',0,0,0,'',4792.00,'16sf/Box','','',2.20,NULL,2.60,'II19'),(265,'EM83310','0','12\"x32\" 6pcs/box Porcelian','','',0,0.00,0.00,3.50,'','','','','','','','','','','','','','',0,0,0,'',4175.80,'16sf/Box','','',2.20,NULL,2.60,'II22'),(266,'F3030','0','12\"x12\" 17pcs/box Ceramic','','',0,3000.00,0.00,1.20,'','','','','','','','','','','','','','',0,0,0,'',6364.33,'17sf/Box','','',0.85,NULL,1.00,'II24， II18'),(267,'F3855','0','10\"x16\" 15pcs/box Ceramic','','',0,0.00,0.00,1.60,'','','','','','','','','','','','','','',0,0,0,'',6135.75,'16.65sf/Box','','',1.20,NULL,1.40,'I04， 114-01'),(268,'F6626','0','24\"x24\" 4pcs/box Porcelain','','',0,0.00,0.00,2.00,'','','','','','','','','','','','','','',0,0,0,'',8188.00,'16sf/Box','','',1.60,NULL,1.80,'II01'),(269,'FED','0','12\"x24\" 8pcs/box Porcelain','','',0,0.00,0.00,2.00,'','','','','','','','','','','','','','',0,0,0,'',284.00,'16sf/Box','','',1.60,NULL,1.80,'I12， 114-01'),(270,'FEM-75','0','8\"x8\"  25pcs/box 景观铺石','','',0,0.00,0.00,2.00,'','','','','','','','','','','','','','',0,0,0,'',8134.59,'11.1sf/Box','','',1.60,NULL,1.80,'I20'),(271,'FEM-93','0','8\"x8\"  25pcs/box 景观铺石','','',0,0.00,0.00,2.00,'','','','','','','','','','','','','','',0,0,0,'',203.28,'11.1sf/Box','','',1.60,NULL,1.80,'II33， S05'),(272,'FSC60006F 24\"x24\" 4pcs/box','0','24\"x24\" 4pcs/box Porcelain','','',0,0.00,0.00,2.00,'','','','','','','','','','','','','','',0,0,0,'',10976.00,'16sf/Box','','',1.60,NULL,1.80,'II21'),(273,'FSC60017F','0','12\"x24\" 8pcs/box Porcelain','','',0,0.00,0.00,2.00,'','','','','','','','','','','','','','',0,0,0,'',10256.00,'16sf/Box','','',1.60,NULL,1.80,'II20'),(274,'FSC60030F','0','12\"x24\" 8pcs/box Ceramic','','',0,0.00,0.00,2.00,'','','','','','','','','','','','','','',0,0,0,'',10576.00,'16sf/Box','','',1.60,NULL,1.80,'II08'),(275,'FSC6PT08TX(6PTO8)','0','24\"x24\" 4pcs/box Porcelain','','',0,0.00,0.00,2.20,'','','','','','','','','','','','','','',0,0,0,'',7552.00,'16sf/Box','','',1.80,NULL,2.00,'II26'),(276,'FWW','0','12\"x24\" 8pcs/box Fossil Wood White','','',0,0.00,0.00,2.80,'','','','','','','','','','','','','','',0,0,0,'',7840.00,'16sf/Box','','',2.40,NULL,2.60,'???， I20， 114-01'),(277,'G6015021B(LM1560021)','0','6\"x24\"  11pcs/box Ceramic','','',0,0.00,0.00,1.80,'','','','','','','','','','','','','','',0,0,0,'',2431.00,'11sf/Box','','',1.40,NULL,1.60,'II18'),(278,'G6303','0','12\"x24\" 8pcs/box Porcelain','','',0,0.00,0.00,2.40,'','','','','','','','','','','','','','',0,0,0,'',1634.00,'16sf/Box','','',2.00,NULL,2.20,'II25， 114-01'),(279,'G6307','0','12\"x24\" 8pcs/box Porcelain','','',0,0.00,0.00,2.40,'','','','','','','','','','','','','','',0,0,0,'',484.00,'16sf/Box','','',2.00,NULL,2.20,'I22'),(280,'G66239','0','24\"x24\" 4pcs/box Porcelain','','',0,0.00,0.00,1.30,'','','','','','','','','','','','','','',0,0,0,'',400.00,'16sf/Box','','',1.30,NULL,1.30,'I17'),(281,'GDYMA901014','0','18\"x36\" 3pcs/box Porcelain','','',0,0.00,0.00,2.80,'','','','','','','','','','','','','','',0,0,0,'',6381.00,'13.5sf/Box','','',2.40,NULL,2.60,'II33， 114-01'),(282,'GF6820','0','12\"x24\" 8pcs/box Porcelain','','',0,0.00,0.00,1.80,'','','','','','','','','','','','','','',0,0,0,'',13712.00,'16sf/Box','','',1.40,NULL,1.60,'I18'),(283,'GG01','0','12\"x24\" 8pcs/box Graben Grey Porcelain','','',0,0.00,0.00,2.40,'','','','','','','','','','','','','','',0,0,0,'',15300.00,'16sf/Box','','',2.00,NULL,2.20,'114-01， I04'),(284,'GM6015027B(1560027)','0','6\"x24\"  11pcs/box Ceramic','','',0,0.00,0.00,1.80,'','','','','','','','','','','','','','',0,0,0,'',4906.00,'11sf/Box','','',1.40,NULL,1.60,'II17'),(285,'GMP60130','0','24\"x24\" 4pcs/box Porcelain','','',0,0.00,0.00,2.00,'','','','','','','','','','','','','','',0,0,0,'',8336.00,'16sf/Box','','',1.60,NULL,1.80,'I09， 114-01'),(286,'GP017','0','24\"x24\" 2pcs/box Outdoor Porcelain','','',0,0.00,0.00,6.50,'','','','','','','','','','','','','','',0,0,0,'',5608.00,'8sf/Box','','',5.50,NULL,6.00,'II15， 114-01， II11'),(287,'HF923011A','0','8\"x36\"  10pcs/box Porcelain','','',0,0.00,0.00,2.60,'','','','','','','','','','','','','','',0,0,0,'',100.00,'20sf/Box','','',2.00,NULL,2.40,'II27'),(288,'HF923015A','0','8\"x36\"  10pcs/box Porcelain','','',0,0.00,0.00,2.60,'','','','','','','','','','','','','','',0,0,0,'',6849.00,'20sf/Box','','',2.00,NULL,2.40,'II20'),(289,'HF965025','0','6\"x36\"  10pcs/box Porcelain','','',0,0.00,0.00,2.40,'','','','','','','','','','','','','','',0,0,0,'',0.00,'15sf/Box','','',2.00,NULL,2.20,'II31'),(290,'HP68612','0','12\"x24\" 8pcs/box Ceramic','','',0,0.00,0.00,1.60,'','','','','','','','','','','','','','',0,0,0,'',32.00,'16sf/Box','','',1.20,NULL,1.40,'II08'),(291,'HP69007B','0','12\"x24\" 8pcs/box Ceramic','','',0,0.00,0.00,1.70,'','','','','','','','','','','','','','',0,0,0,'',5088.00,'16sf/Box','','',1.30,NULL,1.50,'II08'),(292,'HRZ6005LP','0','24\"x24\" 4pcs/box Porcelain','','',0,0.00,0.00,2.00,'','','','','','','','','','','','','','',0,0,0,'',19388.00,'16sf/Box','','',1.60,NULL,1.80,'I09，114-01'),(293,'HS6088','0','12\"x24\" 8pcs/box Porcelain','','',0,0.00,0.00,2.00,'','','','','','','','','','','','','','',0,0,0,'',8616.00,'16sf/Box','','',1.60,NULL,1.80,'II03 14-01'),(294,'IB6001','0','12\"x24\" 8pcs/box Porcelain','','',0,0.00,0.00,1.80,'','','','','','','','','','','','','','',0,0,0,'',1152.00,'16sf/Box','','',1.40,NULL,1.60,'II02'),(295,'IB624','0','6\"x24\"  19pcs/box Porcelain Idaho Dark','','',0,0.00,0.00,2.40,'','','','','','','','','','','','','','',0,0,0,'',7100.80,'18.4sf/Box','','',2.00,NULL,2.20,'I04'),(296,'ID624','0','6\"x24\"  19pcs/box Idaho Dark Porc.','','',0,0.00,0.00,2.40,'','','','','','','','','','','','','','',0,0,0,'',5723.20,'18.4sf/Box','','',2.00,NULL,2.20,'I06'),(297,'IG10(MS6603)','0','24\"x24\" 4pcs/box Porcelain','','',0,0.00,0.00,2.00,'','','','','','','','','','','','','','',0,0,0,'',17432.00,'16sf/Box','','',1.60,NULL,1.80,'II16， II15， 114-01'),(298,'J83701','0','12\"x24\" 6pcs/box Porcelain Contact Grey','','',0,0.00,0.00,2.80,'','','','','','','','','','','','','','',0,0,0,'',2828.00,'12sf/Box','','',2.50,NULL,2.60,'I22'),(299,'J83703','0','12\"x24\" 6pcs/box Porcelain Contact Silver','','',0,0.00,0.00,2.80,'','','','','','','','','','','','','','',0,0,0,'',503.30,'12sf/Box','','',2.50,NULL,2.60,'II28， I22'),(300,'J84395','0','12\"x24\" 6pcs/box Porcelain Betonage Antracite','','',0,0.00,0.00,2.80,'','','','','','','','','','','','','','',0,0,0,'',50.00,'12sf/Box','','',2.50,NULL,2.60,'I06'),(301,'J84463','0','6\"x40\"  8pcs/box Porcelain','','',0,0.00,0.00,2.80,'','','','','','','','','','','','','','',0,0,0,'',1708.93,'13.4sf/Box','','',2.50,NULL,2.60,'小仓库'),(302,'J85164','0','12\"x24\" 6pcs/box Porcelain Icon Almond','','',0,0.00,0.00,2.80,'','','','','','','','','','','','','','',0,0,0,'',228.00,'12sf/Box','','',2.50,NULL,2.60,'II14'),(303,'J85166','0','12\"x24\" 6pcs/box Porcelain Icorn Grey','','',0,0.00,0.00,2.80,'','','','','','','','','','','','','','',0,0,0,'',686.00,'12sf/Box','','',2.50,NULL,2.60,'I20'),(304,'J87044','0','12\"x24\" 6pcs/box 1224-PA-NL Palissandro Dark Porc','','',0,0.00,0.00,2.80,'','','','','','','','','','','','','','',0,0,0,'',0.00,'12sf/Box','','',2.50,NULL,2.60,''),(305,'J87045','0','12\"x24\" 6pcs/box 1224-PA-NL Palissandro Natural Porc','','',0,0.00,0.00,2.80,'','','','','','','','','','','','','','',0,0,0,'',23.90,'12sf/Box','','',2.50,NULL,2.60,''),(306,'JS91302','0','12\"x12\" 17pcs/box Ceramic','','',0,0.00,0.00,1.40,'','','','','','','','','','','','','','',0,0,0,'',3213.00,'17sf/Box','','',1.00,NULL,1.20,'II25， 114-01， II24'),(307,'JT48005','0','16\"x32\" 6pcs/box Porcelain','','',0,0.00,0.00,3.80,'','','','','','','','','','','','','','',0,0,0,'',10926.00,'21.3sf/Box','','',2.60,NULL,3.00,'II18'),(308,'JT80005','0','32\"x32\" 3pcs/box Porcelain','','',0,0.00,0.00,3.80,'','','','','','','','','','','','','','',0,0,0,'',10637.59,'21.33sf/Box','','',2.60,NULL,3.00,'II12'),(309,'K6105','0','24\"x24\" 4pcs/box Porcelain','','',0,0.00,0.00,1.80,'','','','','','','','','','','','','','',0,0,0,'',4064.00,'16sf/Box','','',1.40,NULL,1.60,'I15， 114-01'),(310,'KG919','0','10\"x16\" 17pcs/box Ceramic','','',0,0.00,0.00,0.60,'','','','','','','','','','','','','','',0,0,0,'',1501.81,'18.87sf/Box','','',0.60,NULL,0.60,'II14， II26'),(311,'KSM36410','0','12\"x24\" 8pcs/box Porcelain','','',0,0.00,0.00,2.00,'','','','','','','','','','','','','','',0,0,0,'',5504.00,'16sf/Box','','',1.60,NULL,1.80,'II02'),(312,'KSM66641','0','24\"x24\" 4pcs/box Porcelain','','',0,0.00,0.00,2.00,'','','','','','','','','','','','','','',0,0,0,'',12620.00,'16sf/Box','','',1.60,NULL,1.80,'II02'),(313,'L1560016A','0','6\"x24\"  11pcs/box Porcelain','','',0,0.00,0.00,1.80,'','','','','','','','','','','','','','',0,0,0,'',3953.00,'11sf/Box','','',1.40,NULL,1.60,'II05， 114-01'),(314,'L40C','0','12\"x12\" 16pcs/box Porcelain','','',0,0.00,0.00,1.80,'','','','','','','','','','','','','','',0,0,0,'',2836.00,'16sf/box','','',1.50,NULL,1.60,'I15'),(315,'L42031','0','12\"x18\" 12pcs/box Ceramic','','',0,0.00,0.00,1.50,'','','','','','','','','','','','','','',0,0,0,'',23823.50,'18sf/Box','','',1.10,NULL,1.30,'I16，114-01'),(316,'L42182','0','12\"x18\" 12pcs/box Ceramic','','',0,0.00,0.00,1.50,'','','','','','','','','','','','','','',0,0,0,'',12245.50,'18sf/Box','','',1.10,NULL,1.30,'II04'),(317,'L43023(66327)','0','12\"x18\" 12pcs/box Ceramic','','',0,0.00,0.00,1.50,'','','','','','','','','','','','','','',0,0,0,'',15383.50,'18sf/Box','','',1.10,NULL,1.30,'I17 II10 14-1'),(318,'L601','0','24\"x24\" 4pcs/box Porcelain','','',0,0.00,0.00,2.00,'','','','','','','','','','','','','','',0,0,0,'',2204.00,'16sf/Box','','',1.60,NULL,1.80,'II25'),(319,'L60F','0','12\"x12\" 12pcs/box Porcelain','','',0,0.00,0.00,1.80,'','','','','','','','','','','','','','',0,0,0,'',3540.00,'12sf/box','','',1.50,NULL,1.60,'I14'),(320,'L67008-2','0','12\"x24\" 8pcs/box Ceramic','','',0,0.00,0.00,1.70,'','','','','','','','','','','','','','',0,0,0,'',5529.00,'16sf/Box','','',1.30,NULL,1.50,'II23 I21'),(321,'L67037-2','0','12\"x24\" 8pcs/box Ceramic','','',0,0.00,0.00,1.60,'','','','','','','','','','','','','','',0,0,0,'',12842.00,'16sf/Box','','',1.20,NULL,1.40,'II06'),(322,'L67067','0','12\"x24\" 8pcs/box Ceramic','','',0,0.00,0.00,1.60,'','','','','','','','','','','','','','',0,0,0,'',9546.00,'16sf/Box','','',1.20,NULL,1.40,'II23 I03'),(323,'L67905','0','12\"x24\" 8pcs/box Ceramic','','',0,0.00,0.00,1.60,'','','','','','','','','','','','','','',0,0,0,'',12220.00,'16sf/Box','','',1.20,NULL,1.40,'II16 II23'),(324,'LB001','0','8\"x12\"  25pcs/box Ceramic','','',0,0.00,0.00,0.60,'','','','','','','','','','','','','','',0,0,0,'',7566.05,'16.7sf/Box','','',0.60,NULL,0.60,'II06A， II14A， II17F， II31B'),(325,'LMP66131','0','24\"x24\" 4pcs/box Porcelain','','',0,0.00,0.00,2.00,'','','','','','','','','','','','','','',0,0,0,'',3184.00,'16sf/Box','','',1.60,NULL,1.80,'II33， 114-01'),(326,'LOW95031','0','10\"x13\" 20pcs/box Ceramic','','',0,0.00,0.00,1.10,'','','','','','','','','','','','','','',0,0,0,'',5012.36,'18sf/Box','','',1.10,NULL,1.10,'S02， 114-01'),(327,'LP001','0','12\"x24\" 8pcs/box Ceramic','','',0,0.00,0.00,1.60,'','','','','','','','','','','','','','',0,0,0,'',25264.00,'16sf/Box','','',1.30,NULL,1.50,'II11 I03 II12 工地'),(328,'LP624(Italy）','0','6\"x24\"  14pcs/box Porcelain','','',0,0.00,0.00,2.80,'','','','','','','','','','','','','','',0,0,0,'',280.00,'14sf/Box','','',2.40,NULL,2.60,'II05， 114-01'),(329,'LT5Y019A','0','20\"x20\" 6pcs/box Porcelain','','',0,0.00,0.00,2.40,'','','','','','','','','','','','','','',0,0,0,'',9064.30,'16.7sf/Box','','',1.80,NULL,2.00,'II06， 114-01'),(330,'M2209','0','12\"x24\" 7pcs/box Porcelain','','',0,0.00,0.00,2.20,'','','','','','','','','','','','','','',0,0,0,'',5500.80,'14sf/Box','','',1.80,NULL,2.00,'I04，I10'),(331,'M2221','0','12\"x24\" 7pcs/box Porcelain','','',0,0.00,0.00,2.20,'','','','','','','','','','','','','','',0,0,0,'',6174.00,'14sf/Box','','',1.80,NULL,2.00,'I04，I10'),(332,'M322','0','12\"x12\" 15pcs/box Porcelain','','',0,0.00,0.00,1.60,'','','','','','','','','','','','','','',0,0,0,'',314.00,'15sf/Box','','',1.20,NULL,1.40,'I11EFGX'),(333,'M3232(R6232)','0','12\"x12\" 15pcs/box Ceramic','','',0,0.00,0.00,2.00,'','','','','','','','','','','','','','',0,0,0,'',4490.00,'15sf/Box','','',1.60,NULL,1.80,'I17FJ， 114-01'),(334,'麦当劳砖','0','麦当劳砖 4\"x8\" 60pcs/box','','',0,0.00,0.00,1.80,'','','','','','','','','','','','','','',0,0,0,'',611.00,'13sqf/Box','','',1.40,NULL,1.60,''),(335,'MG1224','0','12\"x24\" 9pcs/box Porcelain Mineral Grey','','',0,0.00,0.00,2.40,'','','','','','','','','','','','','','',0,0,0,'',518.00,'18Sf/Box','','',2.00,NULL,2.20,'II09， 114-01'),(336,'MG926','0','9\"x26\"  10pcs/box Porcelain Masai Gris','','',0,0.00,0.00,3.20,'','','','','','','','','','','','','','',0,0,0,'',1705.35,'16.3sf/Box','','',2.80,NULL,3.00,'I20， 114-01'),(337,'MMB125','0','17\"x17\" 11pcs/box Ceramic Marmol Mangle Beige Ecologico','','',0,0.00,0.00,1.00,'','','','','','','','','','','','','','',0,0,0,'',4584.20,'22.1sf/Box','','',1.00,NULL,1.00,'II04DF'),(338,'MS6003\"(IG10\")(MS6603)','0','12\"x24\" 8pcs/box Porcelain','','',0,0.00,0.00,2.00,'','','','','','','','','','','','','','',0,0,0,'',3376.00,'16sf/Box','','',1.60,NULL,1.80,'I15， 114-01'),(339,'MT-B50','0','12\"x24\" 9pcs/box Porcelian Marmant Tortora','','',0,0.00,0.00,2.20,'','','','','','','','','','','','','','',0,0,0,'',10548.00,'18sf/Box','','',1.80,NULL,2.00,'II20， 114-01'),(340,'MTP007','0','18\"x18\" 6pcs/box Ceramic Marmal','','',0,0.00,0.00,2.20,'','','','','','','','','','','','','','',0,0,0,'',6947.00,'13.5sf/Box','','',1.80,NULL,2.00,'I15'),(341,'MTP008','0','18\"x18\" 6pcs/box','','',0,0.00,0.00,2.20,'','','','','','','','','','','','','','',0,0,0,'',362.20,'13.5sf/Box','','',1.80,NULL,2.00,'I20'),(342,'MW66113-2','0','24\"x24\" 4pcs/box Porcelain','','',0,0.00,0.00,2.00,'','','','','','','','','','','','','','',0,0,0,'',15788.00,'16sf/Box','','',1.60,NULL,1.80,'II11'),(343,'MW66113-2\"','0','12\"x24\" 8pcs/box Porcelain','','',0,0.00,0.00,2.00,'','','','','','','','','','','','','','',0,0,0,'',320.00,'16sf/Box','','',1.60,NULL,1.80,'II25'),(344,'NEXUS PERLA','0','18\"x18\" 6pcs/box Porcelain','','',0,0.00,0.00,2.40,'','','','','','','','','','','','','','',0,0,0,'',954.00,'13.5sf/Box','','',2.00,NULL,2.20,'I04'),(345,'NJ5007','0','36\"x72\" 3pcs/box 31Box/PL','','',0,0.00,0.00,6.00,'','','','','','','','','','','','','','',0,0,0,'',4914.00,'54sf/Box','','',5.00,NULL,5.50,''),(346,'NJ5008','0','36\"x72\" 3pcs/box 31Box/PL','','',0,0.00,0.00,6.00,'','','','','','','','','','','','','','',0,0,0,'',8298.00,'54sf/Box','','',5.00,NULL,5.50,''),(347,'NJ5009','0','36\"x72\" 3pcs/box 31Box/PL','','',0,0.00,0.00,6.00,'','','','','','','','','','','','','','',0,0,0,'',18198.00,'54sf/Box','','',5.00,NULL,5.50,''),(348,'NJ5101','0','36\"x72\" 3pcs/box 31Box/PL','','',0,0.00,0.00,6.00,'','','','','','','','','','','','','','',0,0,0,'',1494.00,'54sf/Box','','',5.00,NULL,5.50,''),(349,'NJ5102','0','36\"x72\" 3pcs/box 31Box/PL','','',0,0.00,0.00,6.00,'','','','','','','','','','','','','','',0,0,0,'',4914.00,'54sf/Box','','',5.00,NULL,5.50,''),(350,'NJ5611','0','36\"x72\" 3pcs/box 31Box/PL','','',0,0.00,0.00,6.00,'','','','','','','','','','','','','','',0,0,0,'',3240.00,'54sf/Box','','',5.00,NULL,5.50,''),(351,'NJ5612','0','36\"x72\" 3pcs/box 31Box/PL','','',0,0.00,0.00,6.00,'','','','','','','','','','','','','','',0,0,0,'',6588.00,'54sf/Box','','',5.00,NULL,5.50,''),(352,'NJ5616','0','36\"x72\" 3pcs/box 31Box/PL','','',0,0.00,0.00,6.00,'','','','','','','','','','','','','','',0,0,0,'',1476.00,'54sf/Box','','',5.00,NULL,5.50,''),(353,'NJ5618','0','36\"x72\" 3pcs/box 31Box/PL','','',0,0.00,0.00,6.00,'','','','','','','','','','','','','','',0,0,0,'',1818.00,'54sf/Box','','',5.00,NULL,5.50,''),(354,'NJ5619','0','36\"x72\" 3pcs/box 31Box/PL','','',0,0.00,0.00,6.00,'','','','','','','','','','','','','','',0,0,0,'',4698.00,'54sf/Box','','',5.00,NULL,5.50,''),(355,'NJ5622','0','36\"x72\" 3pcs/box 31Box/PL','','',0,0.00,0.00,6.00,'','','','','','','','','','','','','','',0,0,0,'',702.00,'54sf/Box','','',5.00,NULL,5.50,''),(356,'NJ5625','0','36\"x72\" 3pcs/box 31Box/PL','','',0,0.00,0.00,6.00,'','','','','','','','','','','','','','',0,0,0,'',6624.00,'54sf/Box','','',5.00,NULL,5.50,''),(357,'NJ5626','0','36\"x72\" 3pcs/box 31Box/PL','','',0,0.00,0.00,6.00,'','','','','','','','','','','','','','',0,0,0,'',9774.00,'54sf/Box','','',5.00,NULL,5.50,''),(358,'NJ5628','0','36\"x72\" 3pcs/box 31Box/PL','','',0,0.00,0.00,6.00,'','','','','','','','','','','','','','',0,0,0,'',216.00,'54sf/Box','','',5.00,NULL,5.50,''),(359,'NJ5629','0','36\"x72\" 3pcs/box 31Box/PL','','',0,0.00,0.00,6.00,'','','','','','','','','','','','','','',0,0,0,'',4320.00,'54sf/Box','','',5.00,NULL,5.50,''),(360,'NJ5630','0','36\"x72\" 3pcs/box 31Box/PL','','',0,0.00,0.00,6.00,'','','','','','','','','','','','','','',0,0,0,'',4356.00,'54sf/Box','','',5.00,NULL,5.50,''),(361,'NJ5631','0','36\"x72\" 3pcs/box 31Box/PL','','',0,0.00,0.00,6.00,'','','','','','','','','','','','','','',0,0,0,'',630.00,'54sf/Box','','',5.00,NULL,5.50,''),(362,'NJ5633','0','36\"x72\" 3pcs/box 31Box/PL','','',0,0.00,0.00,6.00,'','','','','','','','','','','','','','',0,0,0,'',1152.00,'54sf/Box','','',5.00,NULL,5.50,''),(363,'NJ5634','0','36\"x72\" 3pcs/box 31Box/PL','','',0,0.00,0.00,6.00,'','','','','','','','','','','','','','',0,0,0,'',756.00,'54sf/Box','','',5.00,NULL,5.50,''),(364,'NJ5636','0','36\"x72\" 3pcs/box 31Box/PL','','',0,0.00,0.00,6.00,'','','','','','','','','','','','','','',0,0,0,'',3654.00,'54sf/Box','','',5.00,NULL,5.50,''),(365,'NJ5637','0','36\"x72\" 3pcs/box 31Box/PL','','',0,0.00,0.00,6.00,'','','','','','','','','','','','','','',0,0,0,'',2728.00,'54sf/Box','','',5.00,NULL,5.50,''),(366,'NJ5801','0','36\"x72\" 3pcs/box 31Box/PL','','',0,0.00,0.00,6.00,'','','','','','','','','','','','','','',0,0,0,'',1296.00,'54sf/Box','','',5.00,NULL,5.50,''),(367,'NJ5802','0','36\"x72\" 3pcs/box 31Box/PL','','',0,0.00,0.00,6.00,'','','','','','','','','','','','','','',0,0,0,'',1134.00,'54sf/Box','','',5.00,NULL,5.50,''),(368,'NJ5901','0','36\"x72\" 3pcs/box 31Box/PL','','',0,0.00,0.00,6.00,'','','','','','','','','','','','','','',0,0,0,'',216.00,'54sf/Box','','',5.00,NULL,5.50,''),(369,'NJ5902','0','36\"x72\" 3pcs/box 31Box/PL','','',0,0.00,0.00,6.00,'','','','','','','','','','','','','','',0,0,0,'',432.00,'54sf/Box','','',5.00,NULL,5.50,''),(370,'NJ5906','0','36\"x72\" 3pcs/box 31Box/PL','','',0,0.00,0.00,6.00,'','','','','','','','','','','','','','',0,0,0,'',3078.00,'54sf/Box','','',5.00,NULL,5.50,''),(371,'NW15603','0','6\"x24\"  16pcs/box Porcelain','','',0,0.00,0.00,2.40,'','','','','','','','','','','','','','',0,0,0,'',3312.00,'16sf/Box','','',2.00,NULL,2.20,''),(372,'ONYX01(D4)','0','12\"x12\" 15pcs/box Onyx Noche','','',0,0.00,0.00,1.80,'','','','','','','','','','','','','','',0,0,0,'',1770.00,'15sf/Box','','',1.40,NULL,1.60,'II02'),(373,'PA624(Spain）','0','6\"x24\"  9pcs/box Porcelain Picasso Akagac','','',0,0.00,0.00,2.40,'','','','','','','','','','','','','','',0,0,0,'',11365.00,'9sf/Box','','',2.00,NULL,2.20,'II10， 114-01'),(374,'PG636','0','6\"x36\"  10pcs/box Naturalia Plus Grey','','',0,0.00,0.00,2.80,'','','','','','','','','','','','','','',0,0,0,'',2340.00,'15sf/Box','','',2.40,NULL,2.60,'I10， 114-01'),(375,'PK603110Q','0','24\"x24\" 4pcs/box Porcelain','','',0,0.00,0.00,2.00,'','','','','','','','','','','','','','',0,0,0,'',42356.00,'16sf/Box','','',1.60,NULL,1.80,'II25'),(376,'PL6175','0','12\"x24\" 8pcs/box Porcelain','','',0,3500.00,0.00,1.80,'','','','','','','','','','','','','','',0,0,0,'',5144.00,'16sf/Box','','',1.40,NULL,1.60,'I07'),(377,'全白8x10(WB20252)','0','8\"x10\"  20pcs/box Ceramic','','',0,0.00,0.00,1.40,'','','','','','','','','','','','','','',0,0,0,'',0.00,'11.2sf/Box','','',1.00,NULL,1.20,'I03'),(378,'QJP009C\"','0','12\"x24\" 8pcs/box Black Porcelain','','',0,0.00,0.00,2.00,'','','','','','','','','','','','','','',0,0,0,'',1200.00,'16sf/Box','','',1.60,NULL,1.80,'S04'),(379,'R01-W','0','10\"x20\" 13pcs/box Ceramic','','',0,2000.00,0.00,1.40,'','','','','','','','','','','','','','',0,0,0,'',15513.60,'18sf/Box','','',1.00,NULL,1.20,'II08， II10， II17'),(380,'RA02-W','0','10\"x16\" 17pcs/box Hera BEJ Hra02','','',0,0.00,0.00,1.50,'','','','','','','','','','','','','','',0,0,0,'',982.98,'18.87sf/Box','','',1.10,NULL,1.30,'II27， II24'),(381,'RA47-W','0','10\"x16\" 17pcs/box Hera A. Grey','','',0,0.00,0.00,1.60,'','','','','','','','','','','','','','',0,0,0,'',2119.53,'18.87sf/Box','','',1.20,NULL,1.40,'II10， II12， II27'),(382,'RB3801-H','0','12\"x32\" 6pcs/box Porcelain','','',0,0.00,0.00,3.50,'','','','','','','','','','','','','','',0,0,0,'',1949.30,'16sf/Box','','',2.20,NULL,2.80,'II16'),(383,'RB3802','0','12\"x32\" 6pcs/box Porcelain','','',0,0.00,0.00,3.20,'','','','','','','','','','','','','','',0,0,0,'',7541.30,'16sf/Box','','',2.00,NULL,2.60,'II12'),(384,'RB3803','0','12\"x32\" 6pcs/box Porcelain','','',0,0.00,0.00,3.20,'','','','','','','','','','','','','','',0,0,0,'',4405.30,'16sf/Box','','',2.00,NULL,2.60,'II15'),(385,'RJ3831','0','12\"x32\" 4pcs/box Porcelian','','',0,0.00,0.00,3.50,'','','','','','','','','','','','','','',0,0,0,'',3663.30,'10.7sf/Box','','',2.00,NULL,2.80,'II13'),(386,'RJ3832','0','12\"x32\" 6pcs/box Porcelian','','',0,0.00,0.00,3.50,'','','','','','','','','','','','','','',0,0,0,'',4788.40,'16sf/Box','','',2.20,NULL,2.80,'II14'),(387,'RL3821','0','12\"x32\" 6pcs/box Porcelian','','',0,7000.00,0.00,3.20,'','','','','','','','','','','','','','',0,0,0,'',8580.40,'16sf/Box','','',2.00,NULL,2.60,'I04'),(388,'RL3821-H','0','12\"x32\" 4pcs/box Porcelian','','',0,0.00,0.00,3.50,'','','','','','','','','','','','','','',0,0,0,'',2385.00,'10.7sf/Box','','',2.20,NULL,2.80,'I04 II10'),(389,'RS3811','0','12\"x32\" 4pcs/box Porcelian','','',0,1500.00,0.00,3.20,'','','','','','','','','','','','','','',0,0,0,'',3797.70,'10.7sf/Box','','',2.00,NULL,2.60,'II16'),(390,'RS3811-A','0','12\"x32\" 6pcs/box  Porcelian','','',0,0.00,0.00,3.50,'','','','','','','','','','','','','','',0,0,0,'',9749.30,'16sf/Box','','',2.40,NULL,2.80,'II05'),(391,'RS3811-H','0','12\"x32\" 6pcs/box Porcelian','','',0,0.00,0.00,3.50,'','','','','','','','','','','','','','',0,0,0,'',3889.90,'16sf/Box','','',2.20,NULL,2.80,''),(392,'RW1224','0','12\"x24\" 6pcs/box Porcelain','','',0,0.00,0.00,2.40,'','','','','','','','','','','','','','',0,0,0,'',655.00,'12sf/Box','','',2.00,NULL,2.20,'I10'),(393,'RW2424','0','24\"x24\" 4pcs/box Porcelain','','',0,0.00,0.00,2.40,'','','','','','','','','','','','','','',0,0,0,'',424.00,'16sf/Box','','',2.00,NULL,2.20,'I09'),(394,'S061101','0','12\"x24\" 8pcs/box Ceramic','','',0,0.00,0.00,1.60,'','','','','','','','','','','','','','',0,0,0,'',9072.00,'16sf/Box','','',1.20,NULL,1.40,'II23'),(395,'SAB1212','0','12\"x12\" 12pcs/box Ceramic','','',0,0.00,0.00,1.80,'','','','','','','','','','','','','','',0,0,0,'',3525.00,'12sf/Box','','',1.40,NULL,1.60,'I17'),(396,'SL0624','0','6\"x24\"  16pcs/box Porcelain Stone Logic Oyster','','',0,0.00,0.00,2.20,'','','','','','','','','','','','','','',0,0,0,'',434.00,'16sf/Box','','',1.80,NULL,2.00,'I23'),(397,'SW1313','0','13\"x13\" 16pcs/box Porcelian','','',0,0.00,0.00,1.80,'','','','','','','','','','','','','','',0,0,0,'',2674.00,'18.7sf/Box','','',1.50,NULL,1.60,'I07'),(398,'SW36091A','0','12\"x24\" 8pcs/box Ceramic','','',0,0.00,0.00,1.60,'','','','','','','','','','','','','','',0,0,0,'',29360.00,'16sf/Box','','',1.20,NULL,1.40,'I17 工地'),(399,'SW60010','0','24\"x24\" 4pcs/box Porcelain','','',0,1500.00,0.00,2.00,'','','','','','','','','','','','','','',0,0,0,'',2784.00,'16sf/Box','','',1.60,NULL,1.80,'II07'),(400,'T3032','0','12\"x12\" 11pcs/box Ceramic','','',0,0.00,0.00,2.00,'','','','','','','','','','','','','','',0,0,0,'',575.00,'11sf/Box','','',1.60,NULL,1.80,'S05D'),(401,'T3305','0','12\"x12\" 15pcs/box Porcelain','','',0,0.00,0.00,1.80,'','','','','','','','','','','','','','',0,0,0,'',7665.00,'15sf/Box','','',1.40,NULL,1.60,'II24'),(402,'T3310','0','12\"x12\" 15pcs/box Porcelain','','',0,0.00,0.00,1.80,'','','','','','','','','','','','','','',0,0,0,'',1555.00,'15sf/Box','','',1.40,NULL,1.60,'II17'),(403,'T6605\"','0','12\"x24\" 8pcs/box Porcelain','','',0,0.00,0.00,2.00,'','','','','','','','','','','','','','',0,0,0,'',0.00,'16sf/Box','','',1.60,NULL,1.80,'I16， 114-01'),(404,'T6605(66003H)','0','24\"x24\" 4pcs/box Porcelain','','',0,0.00,0.00,2.00,'','','','','','','','','','','','','','',0,0,0,'',14116.00,'16sf/Box','','',1.60,NULL,1.80,'II30， I17'),(405,'TCH1212002','0','12\"x12\" 9pcs/box Porcelain','','',0,0.00,0.00,2.00,'','','','','','','','','','','','','','',0,0,0,'',1716.00,'9sf/Box','','',1.60,NULL,1.80,'S01， 114-01'),(406,'TF051（OT051）','0','24\"x24\" 2pcs/box OUTDOOR Porcelain','','',0,0.00,0.00,6.00,'','','','','','','','','','','','','','',0,0,0,'',1964.00,'8sf/Box','','',4.80,NULL,5.50,'II28， 114-01'),(407,'TF6407','0','24\"x24\" 3pcs/box Porcelain  Splendor Moka ','','',0,0.00,0.00,6.00,'','','','','','','','','','','','','','',0,0,0,'',1012.00,'12sf/Box','','',5.00,NULL,5.50,'I11'),(408,'TG36043','0','12\"x24\" 8pcs/box Porcelain Vision glacier','','',0,0.00,0.00,2.00,'','','','','','','','','','','','','','',0,0,0,'',754.00,'16sf/Box','','',1.60,NULL,1.80,'I12'),(409,'TK001G12','0','12\"x12\" 10pcs/box 10pcs/box','','',0,0.00,0.00,1.80,'','','','','','','','','','','','','','',0,0,0,'',6959.00,'10sf/Box','','',1.40,NULL,1.60,''),(410,'TQD84H3453','0','16\"x32\" 2pcs/box Porcelain','','',0,0.00,0.00,5.00,'','','','','','','','','','','','','','',0,0,0,'',13515.00,'7.1sf/Box','','',3.80,NULL,4.20,'II15，II06'),(411,'TQD84H3453(2)','0','16\"x32\" 4pcs/box Porcelain','','',0,0.00,0.00,5.00,'','','','','','','','','','','','','','',0,0,0,'',22437.00,'14.2sf/Box','','',3.80,NULL,4.20,''),(412,'TS6209','0','24\"x24\" 4pcs/box Porcelain','','',0,3000.00,0.00,2.00,'','','','','','','','','','','','','','',0,0,0,'',7280.00,'16sf/Box','','',1.60,NULL,1.80,'II15'),(413,'TV60189','0','12\"x24\" 8pcs/box Porcelain','','',0,0.00,0.00,1.20,'','','','','','','','','','','','','','',0,0,0,'',700.00,'16sf/Box','','',1.20,NULL,1.20,'II15'),(414,'U87','0','9\"x24\"  8pcs/box Porcelain Splendor Moka Rett','','',0,0.00,0.00,1.80,'','','','','','','','','','','','','','',0,0,0,'',1092.00,'12sf/box','','',1.40,NULL,1.60,'I12'),(415,'UFSE011','0','12\"x24\" 10pcs/box Ceramic','','',0,0.00,0.00,2.40,'','','','','','','','','','','','','','',0,0,0,'',2051.90,'20sf/Box','','',2.00,NULL,2.20,'II26'),(416,'UFSE013','0','12\"x24\" 10pcs/box Ceramic','','',0,0.00,0.00,2.40,'','','','','','','','','','','','','','',0,0,0,'',86.06,'20.4sf/Box','','',2.00,NULL,2.20,'II26'),(417,'UFWM100','0','13\"x13\" 16pcs/box Concept Crema','','',0,0.00,0.00,1.80,'','','','','','','','','','','','','','',0,0,0,'',763.16,'18.72sf/Box','','',1.50,NULL,1.60,'I06'),(418,'USM1212048','0','12\"x12\" 10pcs/box Porcelain','','',0,0.00,0.00,2.00,'','','','','','','','','','','','','','',0,0,0,'',118.00,'10sf/Box','','',1.60,NULL,1.80,'Ⅱ12'),(419,'UWPO102(UWPO913)','0','10\"x13\" 30pcs/box Ceramic','','',0,0.00,0.00,1.50,'','','','','','','','','','','','','','',0,0,0,'',517.50,'27sf/Box','','',1.10,NULL,1.30,'I08'),(420,'UWWM200','0','10\"x13\" 30pcs/box Ceramic','','',0,0.00,0.00,1.40,'','','','','','','','','','','','','','',0,0,0,'',2781.50,'27sf/Box','','',1.00,NULL,1.20,'I06'),(421,'VB011','0','24\"x24\" 2pcs/box OUTDOOR Porcelain','','',0,0.00,0.00,6.00,'','','','','','','','','','','','','','',0,0,0,'',1728.00,'8sf/Box','','',4.80,NULL,5.50,'II23'),(422,'VC1105','0','8\"x12\"  28pcs/box Ceramic','','',0,0.00,0.00,1.00,'','','','','','','','','','','','','','',0,0,0,'',4919.06,'18.7sf/Box','','',1.00,NULL,1.00,'II13， 114-01'),(423,'VCNJ5','0','24\"x24\" 4pcs/box Porcelain','','',0,0.00,0.00,2.40,'','','','','','','','','','','','','','',0,0,0,'',1716.00,'16sf/Box','','',2.00,NULL,2.20,'II19，I09 114-01'),(424,'VV6002','0','12\"x24\" 8pcs/box Ceramic','','',0,8000.00,0.00,1.60,'','','','','','','','','','','','','','',0,0,0,'',14684.00,'16sf/Box','','',1.20,NULL,1.40,'II07， 114-01， II17'),(425,'X3006','0','12\"x12\" 13pcs/box Porcelain','','',0,0.00,0.00,1.80,'','','','','','','','','','','','','','',0,0,0,'',12248.00,'13sf/Box','','',1.40,NULL,1.60,'I05I， I12， I21， II08， II12， II16， II18'),(426,'YG605602','0','24\"x24\" 3pcs/box Ceramic','','',0,0.00,0.00,2.60,'','','','','','','','','','','','','','',0,0,0,'',5060.00,'12sf/Box','','',2.20,NULL,2.40,'II03'),(427,'YG605605','0','24\"x24\" 3pcs/box Porcelain','','',0,0.00,0.00,2.60,'','','','','','','','','','','','','','',0,0,0,'',18920.00,'12sf/Box','','',2.20,NULL,2.40,'II14'),(428,'YG805602','0','32\"x32\" 3pcs/box Porcelain','','',0,0.00,0.00,3.00,'','','','','','','','','','','','','','',0,0,0,'',1220.93,'21.3sf/Box','','',2.60,NULL,2.80,'II22'),(429,'YG805605','0','32\"x32\" 3pcs/box Porcelain','','',0,0.00,0.00,3.00,'','','','','','','','','','','','','','',0,0,0,'',7297.03,'21.3sf/Box','','',2.60,NULL,2.80,'II05'),(430,'YM6004','0','24\"x24\" 4pcs/box Porcelain','','',0,0.00,0.00,2.00,'','','','','','','','','','','','','','',0,0,0,'',8744.00,'16sf/Box','','',1.40,NULL,1.60,'I05'),(431,'枫叶红方形平柱 33\"','0','方形平柱 33\"','','',0,0.00,0.00,36.00,'','','0','','','','','','','','','','','',0,0,0,'',153.00,'33\"x5 1/4\"','','',33.00,NULL,34.00,'0'),(432,'枫叶红方形斜柱 36\"','0','方形斜柱 36\"','','',0,0.00,0.00,40.00,'','','0','','','','','','','','','','','',0,0,0,'',46.00,'36\"x5 1/4\"','','',36.00,NULL,38.00,'0'),(433,'枫叶红方形平柱 40\"','0','方形平柱 40\"','','',0,0.00,0.00,42.00,'','','0','','','','','','','','','','','',0,0,0,'',101.00,'40\"x5 1/4\"','','',38.00,NULL,40.00,'0'),(434,'Maple Red Ball ','0','枫叶红圆球','','',0,0.00,0.00,55.00,'','','0','','','','','','','','','','','',0,0,0,'',-2.00,'枫叶红圆球','','',45.00,NULL,50.00,'0'),(435,'Maple Red Bevel Curved 2Side 3x9\"x2\" ','0','枫叶红龟背扶手(两边) 3\'','','',0,0.00,0.00,15.00,'','','0','','','','','','','','','','','',0,0,0,'',0.00,'3x9\"x2\" ','','',13.00,NULL,14.00,'0'),(436,'Maple Red Bevel Curved 2Side 4x9\"x2\" ','0','枫叶红龟背扶手(两边) 4\'','','',0,0.00,0.00,15.00,'','','0','','','','','','','','','','','',0,0,0,'',-4.00,'4x9\"x2\" ','','',13.00,NULL,14.00,'0'),(437,'Maple Red Bevel Curved 2Side 5x9\"x2\" ','0','枫叶红龟背扶手(两边) 5\'','','',0,0.00,0.00,15.00,'','','0','','','','','','','','','','','',0,0,0,'',-3.00,'5x9\"x2\" ','','',13.00,NULL,14.00,'0'),(438,'Maple Red Bevel Curved 2Side 6x9\"x2\" ','0','枫叶红龟背扶手(两边) 6\'','','',0,0.00,0.00,15.00,'','','0','','','','','','','','','','','',0,0,0,'',0.00,'6x9\"x2\" ','','',13.00,NULL,14.00,'0'),(439,'Maple Red Bevel Curved 2Side 7x9\"x2\" ','0','枫叶红龟背扶手(两边) 7\'','','',0,0.00,0.00,15.00,'','','0','','','','','','','','','','','',0,0,0,'',0.00,'7x9\"x2\" ','','',13.00,NULL,14.00,'0'),(440,'Maple Red Bevel Curved 2Side 8x9\"x2\" ','0','枫叶红龟背扶手(两边) 8\'','','',0,0.00,0.00,15.00,'','','0','','','','','','','','','','','',0,0,0,'',0.00,'8x9\"x2\" ','','',13.00,NULL,14.00,'0'),(441,'Maple Red Bevel Curved 3Side 4x9\"x2\" ','0','枫叶红龟背扶手(三边) 4\'','','',0,0.00,0.00,15.00,'','','0','','','','','','','','','','','',0,0,0,'',0.00,'4x9\"x2\" ','','',13.00,NULL,14.00,'0'),(442,'Maple Red Bevel Curved 3Side 5x9\"x2\" ','0','枫叶红龟背扶手(三边) 5\'','','',0,0.00,0.00,15.00,'','','0','','','','','','','','','','','',0,0,0,'',10.00,'5x9\"x2\" ','','',13.00,NULL,14.00,'0'),(443,'Maple Red Bevel Curved 3Side 6x9\"x2\" ','0','枫叶红龟背扶手(三边) 6\'','','',0,0.00,0.00,15.00,'','','0','','','','','','','','','','','',0,0,0,'',12.00,'6x9\"x2\"','','',13.00,NULL,14.00,'0'),(444,'Maple Red Bevel Curved 3Side 7x9\"x2\" ','0','枫叶红龟背扶手(三边) 7\'','','',0,0.00,0.00,15.00,'','','0','','','','','','','','','','','',0,0,0,'',28.00,'7x9\"x2\"','','',13.00,NULL,14.00,'0'),(445,'Maple Red Bevel Curved 3Side 8x9\"x2\" ','0','枫叶红龟背扶手(三边) 8\'','','',0,0.00,0.00,15.00,'','','0','','','','','','','','','','','',0,0,0,'',16.00,'8x9\"x2\"','','',13.00,NULL,14.00,'0'),(446,'Maple Red Flamed Cap 14\"x14\"','0','枫叶红粗面平板帽 14\"x14\"','','',0,0.00,0.00,25.00,'','','0','','','','','','','','','','','',0,0,0,'',2.00,'14\"x14\"','','',22.00,NULL,25.00,'0'),(447,'Maple Red Flamed Tile 12\"x12\"x3/4\"','0','枫叶红火烧板 12\"','','',0,0.00,0.00,3.75,'','','0','','','','','','','','','','','',0,0,0,'',4706.00,'12\"x12\"x3/4\"','','',3.25,NULL,3.50,'0'),(448,'Maple Red Flamed Tile 18\"x18\"x3/4\"','0','枫叶红火烧板 18\"','','',0,0.00,0.00,3.80,'','','0','','','','','','','','','','','',0,0,0,'',7807.85,'18\"x18\"x3/4\"','','',3.30,NULL,3.50,'0'),(449,'Maple Red Flamed Tile 24\"x24\"x3/4\"','0','枫叶红火烧板 24\"','','',0,0.00,0.00,4.00,'','','0','','','','','','','','','','','',0,0,0,'',316.00,'24\"x24\"x3/4\"','','',3.50,NULL,3.80,'0'),(450,'Maple Red Handrail Flat 2Side 4x10\"x2\" ','0','枫叶红平板扶手(两边) 4\'','','',0,0.00,0.00,14.00,'','','0','','','','','','','','','','','',0,0,0,'',0.00,'4x10\"x2\"','','',12.00,NULL,13.00,'0'),(451,'Maple Red Handrail Flat 2Side 5x10\"x2\" ','0','枫叶红平板扶手(两边) 5\'','','',0,0.00,0.00,14.00,'','','0','','','','','','','','','','','',0,0,0,'',0.00,'5x10\"x2\"','','',12.00,NULL,13.00,'0'),(452,'Maple Red Handrail Flat 2Side 6x10\"x2\" ','0','枫叶红平板扶手(两边) 6\'','','',0,0.00,0.00,14.00,'','','0','','','','','','','','','','','',0,0,0,'',24.00,'6x10\"x2\"','','',12.00,NULL,13.00,'0'),(453,'Maple Red Handrail Flat 2Side 7x10\"x2\" ','0','枫叶红平板扶手(两边) 7\'','','',0,0.00,0.00,14.00,'','','0','','','','','','','','','','','',0,0,0,'',0.00,'7x10\"x2\"','','',12.00,NULL,13.00,'0'),(454,'Maple Red Handrail Flat 2Side 8x10\"x2\" ','0','枫叶红平板扶手(两边) 8\'','','',0,0.00,0.00,14.00,'','','0','','','','','','','','','','','',0,0,0,'',0.00,'8x10\"x2\"','','',12.00,NULL,13.00,'0'),(455,'Maple Red Handrail Flat 3Side 4x10\"x2\" ','0','枫叶红平板扶手(三边) 4\'','','',0,0.00,0.00,14.00,'','','0','','','','','','','','','','','',0,0,0,'',0.00,'4x10\"x2\"','','',12.00,NULL,13.00,'0'),(456,'Maple Red Handrail Flat 3Side 5x10\"x2\" ','0','枫叶红平板扶手(三边) 5\'','','',0,0.00,0.00,14.00,'','','0','','','','','','','','','','','',0,0,0,'',0.00,'5x10\"x2\"','','',12.00,NULL,13.00,'0'),(457,'Maple Red Handrail Flat 3Side 6x10\"x2\" ','0','枫叶红平板扶手(三边) 6\'','','',0,0.00,0.00,14.00,'','','0','','','','','','','','','','','',0,0,0,'',0.00,'6x10\"x2\"','','',12.00,NULL,13.00,'0'),(458,'Maple Red Handrail Flat 3Side 7x10\"x2\" ','0','枫叶红平板扶手(三边) 7\'','','',0,0.00,0.00,14.00,'','','0','','','','','','','','','','','',0,0,0,'',0.00,'7x10\"x2\"','','',12.00,NULL,13.00,'0'),(459,'Maple Red Handrail Flat 3Side 8x10\"x2\" ','0','枫叶红平板扶手(三边) 8\'','','',0,0.00,0.00,14.00,'','','0','','','','','','','','','','','',0,0,0,'',0.00,'8x10\"x2\"','','',12.00,NULL,13.00,'0'),(460,'Maple Red Peak 14\"x14\"x5\" ','0','枫叶红金字塔 14\"x14\"x5\" ','','',0,0.00,0.00,65.00,'','','0','','','','','','','','','','','',0,0,0,'',6.00,'14\"x14\"x5\" 28pcs/pallet','','',55.00,NULL,60.00,'0'),(461,'Maple Red Pineapple 15\"x9\" ','0','枫叶红菠萝球','','',0,0.00,0.00,70.00,'','','0','','','','','','','','','','','',0,0,0,'',0.00,'15\"x9\"','','',60.00,NULL,65.00,'0'),(462,'Maple Red Polished Cap 14\"x14\"','0','枫叶红光面平板帽 ','','',0,0.00,0.00,25.00,'','','0','','','','','','','','','','','',0,0,0,'',41.00,'14\"x14\"','','',25.00,NULL,25.00,'0'),(463,'Maple Red Polished Tile 12\"x12\"','0','枫叶红光面','','',0,0.00,0.00,3.50,'','','0','','','','','','','','','','','',0,0,0,'',2736.00,'12\"x12\"','','',3.00,NULL,3.25,'0'),(464,'Maple Red Polished Tile 18\"x18\"','0','枫叶红光面','','',0,0.00,0.00,3.80,'','','0','','','','','','','','','','','',0,0,0,'',3487.40,'18\"x18\"','','',3.25,NULL,3.50,'0'),(465,'Maple Red Post Polished 10\"x10\"x42\"','0','枫叶红圆形大方柱','','',0,0.00,0.00,320.00,'','','0','','','','','','','','','','','',0,0,0,'',8.00,'10\"x10\"x42\"','','',280.00,NULL,300.00,'0'),(466,'Maple Red Raiser 3x6\"x3/4\" ','0','枫叶红楼梯竖板 3\'','','',0,0.00,0.00,4.50,'','','0','','','','','','','','','','','',0,0,0,'',0.00,'3x6\"x3/4\"','','',3.50,NULL,4.00,'0'),(467,'Maple Red Raiser 4x6\"x3/4\" ','0','枫叶红楼梯竖板 4\'','','',0,0.00,0.00,4.50,'','','0','','','','','','','','','','','',0,0,0,'',200.00,'4x6\"x3/4\"','','',3.50,NULL,4.00,'0'),(468,'Maple Red Raiser 5x6\"x3/4\" ','0','枫叶红楼梯竖板 5\'','','',0,0.00,0.00,4.50,'','','0','','','','','','','','','','','',0,0,0,'',145.00,'5x6\"x3/4\"','','',3.50,NULL,4.00,'0'),(469,'Maple Red Raiser 6x6\"x3/4\" ','0','枫叶红楼梯竖板 6\'','','',0,0.00,0.00,4.50,'','','0','','','','','','','','','','','',0,0,0,'',210.00,'6x6\"x3/4\"','','',3.50,NULL,4.00,'0'),(470,'Maple Red Round Flat Banister 24\"x4 3/4\"','0','枫叶红平顶圆柱','','',0,0.00,0.00,32.00,'','','0','','','','','','','','','','','',0,0,0,'',24.00,'24\"x4 3/4\"','','',28.00,NULL,30.00,'0'),(471,'Maple Red Round Flat Banister 28\"x4 3/4\"','0','枫叶红平顶圆柱','','',0,0.00,0.00,35.00,'','','0','','','','','','','','','','','',0,0,0,'',7.00,'28\"x4 3/4\"','','',33.00,NULL,34.00,'0'),(472,'Maple Red Round Flat Banister 33\"x4 3/4\"','0','枫叶红平顶圆柱','','',0,0.00,0.00,36.00,'','','0','','','','','','','','','','','',0,0,0,'',54.00,'33\"x4 3/4\"','','',33.00,NULL,35.00,'0'),(473,'Maple Red Round Flat Banister 36\"x5 1/4\"','0','枫叶红平顶圆柱','','',0,0.00,0.00,38.00,'','','0','','','','','','','','','','','',0,0,0,'',0.00,'36\"x5 1/4\"','','',34.00,NULL,36.00,'0'),(474,'Maple Red Round Flat Banister 40\"x5 1/4\"','0','枫叶红平顶圆柱','','',0,0.00,0.00,40.00,'','','0','','','','','','','','','','','',0,0,0,'',164.00,'40\"x5 1/4\"','','',35.00,NULL,37.00,'0'),(475,'Maple Red Step 1Side 3x12\"x2\" ','0','枫叶红踏步(一边) 3\'','','',0,0.00,0.00,8.00,'','','0','','','','','','','','','','','',0,0,0,'',1048.00,'3x12\"x2\"','','',7.00,NULL,7.50,'0'),(476,'Maple Red Step 1Side 4x12\"x2\" ','0','枫叶红踏步(一边) 4\'','','',0,0.00,0.00,8.00,'','','0','','','','','','','','','','','',0,0,0,'',168.00,'4x12\"x2\"','','',7.00,NULL,7.50,'0'),(477,'Maple Red Step 1Side 4x14\"x2\" ','0','枫叶红踏步(一边) 4\'','','',0,0.00,0.00,8.00,'','','0','','','','','','','','','','','',0,0,0,'',-4.00,'4x14\"x2\"','','',7.00,NULL,7.50,'0'),(478,'Maple Red Step 1Side 5x12\"x2\" ','0','枫叶红踏步(一边) 5\'','','',0,0.00,0.00,8.00,'','','0','','','','','','','','','','','',0,0,0,'',145.00,'5x12\"x2\"','','',7.00,NULL,7.50,'0'),(479,'Meple Red Step 1Side 5x14\"x2\" ','0','枫叶红踏步(一边) 5\'','','',0,0.00,0.00,8.00,'','','0','','','','','','','','','','','',0,0,0,'',385.00,'5x14\"x2\"','','',7.00,NULL,7.50,'0'),(480,'Maple Red Step 1Side 6x12\"x2\" ','0','枫叶红踏步(一边) 6\'','','',0,0.00,0.00,8.00,'','','0','','','','','','','','','','','',0,0,0,'',166.00,'6x12\"x2\"','','',7.00,NULL,7.50,'0'),(481,'Meple Red Step 1Side 6x14\"x2\" ','0','枫叶红踏步(一边) 6\'','','',0,0.00,0.00,8.00,'','','0','','','','','','','','','','','',0,0,0,'',0.00,'6x14\"x2\"','','',7.00,NULL,7.50,'0'),(482,'Maple Red Step 1Side 7x12\"x2\" ','0','枫叶红踏步(一边) 7\'','','',0,0.00,0.00,8.00,'','','0','','','','','','','','','','','',0,0,0,'',240.00,'7x12\"x2\"','','',7.00,NULL,7.50,'0'),(483,'Maple Red Step 1Side 7x14\"x2\" ','0','枫叶红踏步(一边) 7\'','','',0,0.00,0.00,8.00,'','','0','','','','','','','','','','','',0,0,0,'',30.70,'7x14\"x2\"','','',7.00,NULL,7.50,'0'),(484,'Maple Red Step 1Side 8x12\"x2\" ','0','枫叶红踏步(一边) 8\'','','',0,0.00,0.00,8.00,'','','0','','','','','','','','','','','',0,0,0,'',0.00,'8x12\"x2\"','','',7.00,NULL,7.50,'0'),(485,'Maple Red Step 1Side 8x14\"x2\" ','0','枫叶红踏步(一边) 8\'','','',0,0.00,0.00,8.00,'','','0','','','','','','','','','','','',0,0,0,'',108.00,'8x14\"x2\"','','',7.00,NULL,7.50,'0'),(486,'Maple Red Step 1Side 9x12\"x2\" ','0','枫叶红踏步(一边) 9\'','','',0,0.00,0.00,8.00,'','','0','','','','','','','','','','','',0,0,0,'',0.00,'9x12\"x2\"','','',7.00,NULL,7.50,'0'),(487,'Maple Red Step 3Side 4x12\"x2\" ','0','枫叶红踏步(三边）4\'','','',0,0.00,0.00,8.00,'','','0','','','','','','','','','','','',0,0,0,'',0.00,'4x12\"x2\"','','',7.00,NULL,7.50,'0'),(488,'Maple Red Step 3Side 5x12\"x2\" ','0','枫叶红踏步(三边) 5\'','','',0,0.00,0.00,8.00,'','','0','','','','','','','','','','','',0,0,0,'',84.00,'5x12\"x2\"','','',7.00,NULL,7.50,'0'),(489,'Maple Red Step 3Side 6x12\"x2\" ','0','枫叶红踏步(三边) 6\'','','',0,0.00,0.00,8.00,'','','0','','','','','','','','','','','',0,0,0,'',16.00,'6x12\"x2\"','','',7.00,NULL,7.50,'0'),(490,'Maple Red Step 3Side 7x12\"x2\" ','0','枫叶红踏步(三边) 7\'','','',0,0.00,0.00,8.00,'','','0','','','','','','','','','','','',0,0,0,'',4.00,'7x12\"x2\"','','',7.00,NULL,7.50,'0'),(491,'Maple Red Step 3Side 8x12\"x2\" ','0','枫叶红踏步(三边) 8\'','','',0,0.00,0.00,8.00,'','','0','','','','','','','','','','','',0,0,0,'',20.00,'8x12\"x2\"','','',7.00,NULL,7.50,'0'),(492,'Maple Red Wall Cap 2Side 4x10\"x2\" ','0','枫叶红墙压顶(两边) 4\'','','',0,0.00,0.00,14.00,'','','0','','','','','','','','','','','',0,0,0,'',68.00,'4x10\"x2\"','','',10.00,NULL,12.00,'0'),(493,'Maple Red Wall Cap 2Side 5x10\"x2\" ','0','枫叶红墙压顶(两边) 5\'','','',0,0.00,0.00,14.00,'','','0','','','','','','','','','','','',0,0,0,'',14.00,'5x10\"x2\"','','',10.00,NULL,12.00,'0'),(494,'Maple Red Wall Cap 2Side 6x10\"x2\" ','0','枫叶红墙压顶(两边) 6\'','','',0,0.00,0.00,14.00,'','','0','','','','','','','','','','','',0,0,0,'',0.00,'6x10\"x2\"','','',10.00,NULL,12.00,'0'),(495,'Maple Red Wall Cap 2Side 7x10\"x2\" ','0','枫叶红墙压顶(两边) 7\'','','',0,0.00,0.00,14.00,'','','0','','','','','','','','','','','',0,0,0,'',0.00,'7x10\"x2\"','','',10.00,NULL,12.00,'0'),(496,'Maple Red Wall Cap 2Side 8x10\"x2\" ','0','枫叶红墙压顶(两边) 8\'','','',0,0.00,0.00,14.00,'','','0','','','','','','','','','','','',0,0,0,'',0.00,'8x10\"x2\"','','',10.00,NULL,12.00,'0'),(497,'Maple Red Wall Cap 3Side 4x10\"x2\" ','0','枫叶红墙压顶(三边) 4\'','','',0,0.00,0.00,14.00,'','','0','','','','','','','','','','','',0,0,0,'',0.00,'4x10\"x2\"','','',10.00,NULL,12.00,'0'),(498,'Maple Red Wall Cap 3Side 5x10\"x2\" ','0','枫叶红墙压顶(三边) 5\'','','',0,0.00,0.00,14.00,'','','0','','','','','','','','','','','',0,0,0,'',0.00,'5x10\"x2\"','','',10.00,NULL,12.00,'0'),(499,'Maple Red Wall Cap 3Side 6x10\"x2\" ','0','枫叶红墙压顶(三边) 6\'','','',0,0.00,0.00,14.00,'','','0','','','','','','','','','','','',0,0,0,'',-126.00,'6x10\"x2\"','','',10.00,NULL,12.00,'0'),(500,'Maple Red Wall Cap 3Side 7x10\"x2\" ','0','枫叶红墙压顶(三边) 7\'','','',0,0.00,0.00,14.00,'','','0','','','','','','','','','','','',0,0,0,'',104.00,'7x10\"x2\"','','',10.00,NULL,12.00,'0'),(501,'Maple Red Wall Cap 3Side 8x10\"x2\" ','0','枫叶红墙压顶(三边) 8\'','','',0,0.00,0.00,14.00,'','','0','','','','','','','','','','','',0,0,0,'',-5.00,'8x10\"x2\"','','',10.00,NULL,12.00,'0'),(502,'Maple Red Window Sill 3x6\"x2\" ','0','枫叶红窗台板 3\'','','',0,0.00,0.00,5.50,'','','0','','','','','','','','','','','',0,0,0,'',-12.00,'3x6\"','','',4.50,NULL,5.00,'0'),(503,'Maple Red Window Sill 4x6\"x2\" ','0','枫叶红窗台板 4\'','','',0,0.00,0.00,5.50,'','','0','','','','','','','','','','','',0,0,0,'',0.00,'4x6\"','','',4.50,NULL,5.00,'0'),(504,'Maple Red Window Sill 5x6\"x2\" ','0','枫叶红窗台板 5\'','','',0,0.00,0.00,5.50,'','','0','','','','','','','','','','','',0,0,0,'',8.00,'5x6\"','','',4.50,NULL,5.00,'0'),(505,'Maple Red Window Sill 6x6\"x2\" ','0','枫叶红窗台板 6\'','','',0,0.00,0.00,5.50,'','','0','','','','','','','','','','','',0,0,0,'',5.40,'6x6\"','','',4.50,NULL,5.00,'0'),(506,'Maple Red Window Sill 7x6\"x2\" ','0','枫叶红窗台板 7\'','','',0,0.00,0.00,5.50,'','','0','','','','','','','','','','','',0,0,0,'',62.60,'7x6\"','','',4.50,NULL,5.00,'0'),(507,'Maple Red Step 1Side 4x10\"x2\" ','0','枫叶红踏步(一边) 4\'','','',0,0.00,0.00,8.00,'','','0','','','','','','','','','','','',0,0,0,'',192.00,'4x10\"x2\"','','',7.00,NULL,7.50,'0'),(508,'Maple Red Step 1Side 5x10\"x2\" ','0','枫叶红踏步(一边) 5\'','','',0,0.00,0.00,8.00,'','','0','','','','','','','','','','','',0,0,0,'',0.00,'5x10\"x2\"','','',7.00,NULL,7.50,'0'),(509,'Maple Red Step 1Side 6x10\"x2\" ','0','枫叶红踏步(一边) 6\'','','',0,0.00,0.00,8.00,'','','0','','','','','','','','','','','',0,0,0,'',0.00,'6x10\"x2\"','','',7.00,NULL,7.50,'0'),(510,'Maple Red Step 1Side 7x10\"x2\"','0','枫叶红踏步(一边) 7\'','','',0,0.00,0.00,8.00,'','','0','','','','','','','','','','','',0,0,0,'',11.70,'7x10\"x2\"','','',7.00,NULL,7.50,'0'),(511,'Maple Red Step 1Side 8x10\"x2\"','0','枫叶红踏步(一边) 8\'','','',0,0.00,0.00,0.00,'','','','','','','','','','','','','','',0,0,0,'',0.00,'8x10\"x2\"','','',0.00,NULL,0.00,''),(512,'Glue (Regular)','0','瓷砖胶(普通)','','',0,0.00,0.00,23.00,'','','0','','','','','','','','','','','',0,0,0,'',114.00,'3.5GL/48PL','','',23.00,NULL,23.00,'0'),(513,'Glue (Premium)','0','瓷砖胶(优)','','',0,0.00,0.00,38.00,'','','0','','','','','','','','','','','',0,0,0,'',63.00,'3.5GL/48PL','','',38.00,NULL,38.00,'0'),(514,'Thinset (Gray)','','灰水泥(普通)','','',0,0.00,0.00,6.50,'','','0','','','','','','','','','','','',0,0,0,'5',-20.00,'50LB/48PL','19.27','19.27',6.50,NULL,6.50,'0'),(515,'Thinset  - Porcelain(Gray)','0','灰水泥(优)','','',0,0.00,0.00,14.00,'','','0','','','','','','','','','','','',0,0,0,'',404.00,'50LB/48PL','','',13.00,NULL,13.50,'0'),(516,'Grout-Black Floor/Sanded 25LB','','收口灰 黑色有沙','','',0,0.00,0.00,12.00,'','','0','','','','','','','','','','','',0,0,0,'5',0.00,'25LB','50','25',10.00,NULL,12.00,'0'),(517,'Grout-Black Floor/Unsanded 25LB','0','收口灰 黑色无沙','','',0,0.00,0.00,12.00,'','','0','','','','','','','','','','','',0,0,0,'',16.00,'25LB','','',10.00,NULL,10.00,'0'),(518,'Grout-Brick Floor/Sanded 25LB','0','收口灰 红色有沙','','',0,0.00,0.00,12.00,'','','0','','','','','','','','','','','',0,0,0,'',38.00,'25LB','','',10.00,NULL,10.00,'0'),(519,'Grout-Brick Wall/Unsanded 25LB','0','收口灰 红色无沙','','',0,0.00,0.00,10.00,'','','0','','','','','','','','','','','',0,0,0,'',54.00,'25LB','','',8.00,NULL,8.00,'0'),(520,'Grout-Misty Gray Floor/Sanded 25LB','0','收口灰 灰色有沙','','',0,0.00,0.00,10.00,'','','0','','','','','','','','','','','',0,0,0,'',106.00,'25LB','','',10.00,NULL,10.00,'0'),(521,'Grout-Misty Gray Wall/Unsanded 25BL','0','收口灰 灰色无沙','','',0,0.00,0.00,10.00,'','','0','','','','','','','','','','','',0,0,0,'',87.00,'25LB','','',10.00,NULL,10.00,'0'),(522,'Grout-Peaches&Cream Floor/Sanded 25LB','','收口灰 米色有沙','','',0,0.00,0.00,10.00,'','','0','','','','','','','','','','','',0,0,0,'5',12.00,'25LB','25','25',10.00,NULL,10.00,'0'),(523,'Grout-Peaches&Cream Wall/Unsanded 25LB','0','收口灰 米色无沙','','',0,0.00,0.00,10.00,'','','0','','','','','','','','','','','',0,0,0,'',76.00,'25LB','','',10.00,NULL,10.00,'0'),(524,'Grout-White Floor/Sanded 25LB','0','收口灰 白色有沙','','',0,0.00,0.00,10.00,'','','0','','','','','','','','','','','',0,0,0,'',0.00,'25LB','','',10.00,NULL,10.00,'0'),(525,'Grout-White Wall/Unsanded 25LB','','收口灰 白色无沙','','',0,0.00,0.00,10.00,'','','0','','','','','','','','','','','',0,0,0,'5',39.00,'25LB','25','25',10.00,NULL,10.00,'0'),(526,'Cement','0','地台水泥  \'Portland Cement Type 1/11 Hercules Buzzi ','','',0,0.00,0.00,9.00,'','','0','','','','','','','','','','','',0,0,0,'',81.00,'94LB/40PL','','',9.00,NULL,9.00,'0'),(527,'Sand 沙子','0','沙子','','',0,0.00,0.00,1.75,'','','0','','','','','','','','','','','',0,0,0,'',-10.00,'沙子','','',1.50,NULL,1.75,'0'),(529,'Thinset  - Porcelain(White)','0','白水泥(优)','','',0,0.00,0.00,14.00,'','','0','','','','','','','','','','','',0,0,0,'',-2.00,'50LB/48PL','','',14.00,NULL,14.00,'0'),(530,'U289CC-12M(Sun)','U289CC-12M(Sun)','11pcs/box','','',0,0.00,0.00,5.00,'','','','','','','','','','','','','','',0,0,0,'2',667.00,'','122.22','77.78',4.00,NULL,4.50,''),(531,'JC04(ACE)','JC04(ACE)','10pcs/box','','',0,0.00,0.00,13.50,'','','','','','','','','','','','','','',0,0,0,'3',0.00,'','80','40',10.50,NULL,11.50,''),(533,'EMP-2(Mu)','EMP-2(Mu)','Emperador Series-Space Grid-Cedar With Dynasty Border','','',0,0.00,0.00,12.65,'','','','','','','','','','','','','','',0,0,0,'4',0.00,'9-3/4\"x10-3/4\"x8mm','15','13',12.43,NULL,13.00,''),(534,'Thinset (White)','','白水泥(普通)','','',0,0.00,0.00,8.00,'','','','','','','','','','','','','','',0,0,0,'5',288.00,'50LB/48PL','3.76','3.76',8.00,NULL,8.00,''),(535,'NY28(Can)','','10pcs/box','','',0,0.00,0.00,11.00,'','','','','','','','','','','','','','',0,0,0,'6',0.00,'','83.33','33.33',8.00,NULL,9.00,''),(536,'C55(Can)','','10pcs/box','','',0,0.00,0.00,11.00,'','','','','','','','','','','','','','',0,0,0,'6',0.00,'','57.14','28.57',9.00,NULL,10.00,''),(537,'Regular 1/8In Spacers','','十字架 1/8','','',0,0.00,0.00,2.00,'','','','','','','','','','','','','','',0,0,0,'7',198.00,'200pcs/bg','150','150',2.00,NULL,2.00,''),(538,'CMPP(ES)','CMPP(ES)','Creana Marfil(Polished)-Pencil','','',0,0.00,0.00,10.00,'','','','','','','','','','','','','','',0,0,0,'8',17.00,'3/4\"x3/4\"x12\"','100','7',5.35,NULL,8.00,''),(539,'WCPP(ES)','WCPP(ES)','White Carrara Pencil','','',0,0.00,0.00,10.00,'','','','','','','','','','','','','','',0,0,0,'8',3.00,'0.75\"x12\" Polished','100','40',7.00,NULL,8.00,''),(540,'白色塑料边条','白色塑料边条','','','',0,0.00,0.00,3.00,'','','','','','','','','','','','','','',0,0,0,'7',0.00,'','50','50',3.00,NULL,3.00,''),(541,'White 土耳其白/广西白 4\"x24\"','白色门坎 4\"x24\"','','','',0,0.00,0.00,10.00,'','','','','','','','','','','','','','',0,0,0,'9',0.00,'','150','100',8.00,NULL,9.00,''),(542,'Metal Corner L 铝边条直角','','铝边条直角','','',0,0.00,0.00,7.00,'','','','','','','','','','','','','','',0,0,0,'7',0.00,'','40','40',7.00,NULL,7.00,''),(543,'JD12(ACE)','JD12(ACE)','10pcs/box','','',0,0.00,0.00,12.00,'','','','','','','','','','','','','','',0,0,0,'3',7.00,'','60','20',9.00,NULL,10.00,'');

/*Table structure for table `tproduct_vendor` */

DROP TABLE IF EXISTS `tproduct_vendor`;

CREATE TABLE `tproduct_vendor` (
  `id` int(10) NOT NULL AUTO_INCREMENT,
  `product_id` int(10) DEFAULT NULL,
  `vendor_id` int(10) DEFAULT NULL,
  `product_name` varchar(200) DEFAULT NULL,
  `vendor_name` varchar(50) DEFAULT NULL,
  `price` float(20,2) DEFAULT '0.00',
  `useDefault` tinyint(20) DEFAULT '0',
  PRIMARY KEY (`id`),
  KEY `id` (`id`) USING BTREE,
  KEY `product_id` (`product_id`) USING BTREE,
  KEY `vendor_id` (`vendor_id`) USING BTREE
) ENGINE=InnoDB AUTO_INCREMENT=28 DEFAULT CHARSET=gbk;

/*Data for the table `tproduct_vendor` */

insert  into `tproduct_vendor`(`id`,`product_id`,`vendor_id`,`product_name`,`vendor_name`,`price`,`useDefault`) values (1,530,4,'11pcs/box','Roca',2.25,1),(3,531,5,'10pcs/box','ACE Mosaic Inc.',7.50,1),(7,533,6,'Emperador Series-Space Grid-Cedar With Dynasty Border','Multi Tile Inc.',11.00,1),(9,514,7,'灰水泥(普通)','CaulkTile Corp.',5.45,1),(10,534,7,'白水泥(普通)','CaulkTile Corp.',7.71,1),(11,516,8,'收口灰 黑色有沙','Merola Sales Company，Inc.',8.00,1),(12,525,8,'收口灰 白色无沙','Merola Sales Company，Inc.',8.00,1),(13,522,8,'收口灰 米色有沙','Merola Sales Company，Inc.',8.00,1),(15,536,9,'10pcs/box','Canaan Import Inc.',7.00,1),(18,535,9,'10pcs/box','Canaan Import Inc.',6.00,1),(19,537,8,'十字架 1/8','Merola Sales Company，Inc.',0.80,1),(20,538,10,'Creana Marfil(Polished)-Pencil','ES Kitchen & Bath Inc.',5.00,1),(21,539,10,'White Carrara Pencil','ES Kitchen & Bath Inc.',5.00,1),(22,540,1,'','China Dongpeng',2.00,1),(23,541,1,'','China Dongpeng',4.00,1),(24,542,1,'铝边条直角','China Dongpeng',5.00,1),(27,543,5,'10pcs/box','ACE Mosaic Inc.',7.50,1);

/*Table structure for table `tproducttype` */

DROP TABLE IF EXISTS `tproducttype`;

CREATE TABLE `tproducttype` (
  `id` int(10) NOT NULL AUTO_INCREMENT,
  `product_type_name` varchar(500) DEFAULT NULL,
  `code` varchar(500) DEFAULT NULL,
  `parent_id` int(10) DEFAULT NULL,
  `level` int(4) DEFAULT NULL,
  `product_type_name_cn` varchar(500) DEFAULT NULL,
  PRIMARY KEY (`id`),
  KEY `id` (`id`) USING BTREE
) ENGINE=InnoDB AUTO_INCREMENT=11 DEFAULT CHARSET=gbk;

/*Data for the table `tproducttype` */

insert  into `tproducttype`(`id`,`product_type_name`,`code`,`parent_id`,`level`,`product_type_name_cn`) values (1,'Mosaic','Mosaic',0,1,''),(2,'SunrRise Tile','SunrRise Tile',1,2,''),(3,'ACE','ACE',1,2,''),(4,'Multile','Multile',1,2,''),(5,'水泥','水泥',0,1,''),(6,'Canaan Import Inc.','Canaan Import Inc.',1,2,''),(7,'配件','配件',0,1,''),(8,'ES Stone','ES Stone',1,2,''),(9,'门坎','门坎',0,1,''),(10,'白色门坎','白色门坎',9,2,'');

/*Table structure for table `tprovider` */

DROP TABLE IF EXISTS `tprovider`;

CREATE TABLE `tprovider` (
  `id` int(10) NOT NULL AUTO_INCREMENT,
  `Type` varchar(200) DEFAULT NULL,
  `Code` varchar(200) DEFAULT NULL,
  `ShortName` varchar(200) DEFAULT NULL,
  `AllName` varchar(200) DEFAULT NULL,
  `Address` varchar(2000) DEFAULT NULL,
  `PostCode` varchar(200) DEFAULT NULL,
  `Tel1` varchar(200) DEFAULT NULL,
  `Tel2` varchar(200) DEFAULT NULL,
  `Tel3` varchar(200) DEFAULT NULL,
  `Mobile` varchar(200) DEFAULT NULL COMMENT '??',
  `FAX` varchar(200) DEFAULT NULL,
  `EMail` varchar(200) DEFAULT NULL,
  `Http` varchar(200) DEFAULT NULL,
  `Accounts` varchar(200) DEFAULT NULL,
  `TaxCode` varchar(200) DEFAULT NULL,
  `LinkMan` varchar(200) DEFAULT NULL,
  `CompanyType` varchar(200) DEFAULT NULL,
  `HelpName` varchar(10) DEFAULT NULL COMMENT '???',
  `RecDate` datetime DEFAULT NULL COMMENT '????',
  `MyMemo` varchar(255) DEFAULT NULL COMMENT '??',
  `city` varchar(255) DEFAULT NULL COMMENT '??1',
  `state` varchar(255) DEFAULT NULL COMMENT '??2',
  `Sreserve3` varchar(255) DEFAULT NULL COMMENT '??3',
  `freserve1` float(16,2) DEFAULT NULL COMMENT '??4',
  `freserve2` float(16,2) DEFAULT NULL COMMENT '??5',
  `freserve3` float(16,2) DEFAULT NULL COMMENT '??6',
  `balance` float(16,2) DEFAULT '0.00',
  `invoice_total` float(16,2) NOT NULL DEFAULT '0.00',
  `invoice_balance` float(16,2) NOT NULL DEFAULT '0.00',
  `acc_balance` float(16,2) NOT NULL DEFAULT '0.00',
  PRIMARY KEY (`id`),
  UNIQUE KEY `RecID` (`id`) USING BTREE
) ENGINE=InnoDB AUTO_INCREMENT=11 DEFAULT CHARSET=gbk COMMENT='InnoDB free: 5120 kB';

/*Data for the table `tprovider` */

insert  into `tprovider`(`id`,`Type`,`Code`,`ShortName`,`AllName`,`Address`,`PostCode`,`Tel1`,`Tel2`,`Tel3`,`Mobile`,`FAX`,`EMail`,`Http`,`Accounts`,`TaxCode`,`LinkMan`,`CompanyType`,`HelpName`,`RecDate`,`MyMemo`,`city`,`state`,`Sreserve3`,`freserve1`,`freserve2`,`freserve3`,`balance`,`invoice_total`,`invoice_balance`,`acc_balance`) values (1,'','China Dongpeng','China Dongpeng','','','','','','','','','','','','','','','','2017-09-24 18:02:21','','Foshan','Guangdong','',0.00,0.00,0.00,110.00,0.00,0.00,0.00),(2,'','HuaYu Ceramics','HuaYu Ceramics','','','','','','','','','','','','','','','','2017-09-24 18:05:50','','Guangzhou','Guangdong','',0.00,0.00,0.00,0.00,0.00,0.00,0.00),(3,'','KQS Ceramics','KQS Ceramics','','KQS Ceramics','','','','','575-548-6213','','','','','','','','','2017-09-24 18:07:02','','','','',0.00,0.00,0.00,0.00,0.00,0.00,0.00),(4,'','Roca','Roca','','','','','','','','','','','','','','','','2017-09-25 16:20:11','','','','',0.00,0.00,0.00,0.00,0.00,0.00,0.00),(5,'','ACE Mosaic Inc.','ACE Mosaic Inc.','','36-05A College Point Blvd','11354','','','','718-353-7484','718-353-7891','','','','','','','','2017-09-25 16:33:00','','Flushing','NY','',0.00,0.00,0.00,127.00,52.00,0.00,0.00),(6,'','Multi Tile Inc.','Multi Tile Inc.','','11 W Shelton Terrace ','11354','','','','908-258-8818','908-258-7893','info@multile.com','www.multile.com','','','','','','2017-09-27 15:43:17','','Hillside','NJ','',0.00,0.00,0.00,0.00,0.00,0.00,0.00),(7,'','CaulkTile Corp.','CaulkTile Corp.','','','','','','','','','','','','','','','','2017-09-27 16:09:23','','','','',0.00,0.00,0.00,2220.00,0.00,0.00,0.00),(8,'','Merola Sales Company，Inc.','Merola Sales Company，Inc.','','','','','','','','','','','','','','','','2017-09-27 16:18:59','','','','',0.00,0.00,0.00,0.00,0.00,0.00,0.00),(9,'','Canaan Import Inc.','Canaan Import Inc.','','','','','','','','','','','','','','','','2017-09-27 16:24:16','','','','',0.00,0.00,0.00,0.00,0.00,0.00,0.00),(10,'','ES Stone','ES Kitchen & Bath Inc.','','','','','','','','','','','','','','','','2017-09-29 16:56:08','','','','',0.00,0.00,0.00,100.00,0.00,0.00,0.00);

/*Table structure for table `tpurchase` */

DROP TABLE IF EXISTS `tpurchase`;

CREATE TABLE `tpurchase` (
  `id` int(10) NOT NULL AUTO_INCREMENT,
  `purchase_bill_code` varchar(500) DEFAULT NULL,
  `oper_id` int(10) DEFAULT NULL,
  `oper_name` varchar(500) DEFAULT NULL,
  `oper_time` datetime DEFAULT NULL,
  `all_purchase_price` float(16,2) DEFAULT NULL,
  `provider_id` int(10) DEFAULT NULL,
  `provider_name` varchar(500) DEFAULT NULL,
  `if_stock` int(11) DEFAULT '0',
  `po_number` varchar(11) DEFAULT NULL,
  `invoice_pic` varchar(200) DEFAULT NULL,
  `paid` int(11) DEFAULT NULL,
  `remark` varchar(2000) DEFAULT NULL,
  `remark2` varchar(2000) DEFAULT NULL,
  `actual_received` int(11) DEFAULT '0',
  `receiver` varchar(255) DEFAULT NULL,
  `order_pic` varchar(200) DEFAULT NULL,
  `invoice_code` varchar(50) DEFAULT NULL,
  `all_paid_price` float(16,2) DEFAULT '0.00',
  `if_cashed` smallint(5) DEFAULT '0',
  `cash_oper_id` smallint(5) DEFAULT NULL,
  `cash_oper_name` varchar(50) DEFAULT NULL,
  `cash_oper_code` varchar(5) DEFAULT NULL,
  `cash_time` datetime DEFAULT '1900-01-01 00:00:00',
  `cash_station` varchar(50) DEFAULT NULL,
  `actual_received_amount` float(10,2) DEFAULT '0.00',
  `company_name` varchar(200) DEFAULT NULL,
  `company_address` varchar(200) DEFAULT NULL,
  `company_tel` varchar(200) DEFAULT NULL,
  `company_fax` varchar(200) DEFAULT NULL,
  `company_logo_pic_logo` varchar(200) DEFAULT NULL,
  `company_name_pic_logo` varchar(200) DEFAULT NULL,
  `invoiceTax` float DEFAULT NULL,
  PRIMARY KEY (`id`),
  KEY `id` (`id`) USING BTREE,
  KEY `oper_id` (`oper_id`) USING BTREE,
  KEY `provider_id` (`provider_id`) USING BTREE,
  KEY `purchase_bill_code` (`purchase_bill_code`(383)) USING BTREE
) ENGINE=InnoDB AUTO_INCREMENT=11 DEFAULT CHARSET=gbk COMMENT='InnoDB free: 13312 kB; InnoDB free: 9216 kB; InnoDB free: 92';

/*Data for the table `tpurchase` */

insert  into `tpurchase`(`id`,`purchase_bill_code`,`oper_id`,`oper_name`,`oper_time`,`all_purchase_price`,`provider_id`,`provider_name`,`if_stock`,`po_number`,`invoice_pic`,`paid`,`remark`,`remark2`,`actual_received`,`receiver`,`order_pic`,`invoice_code`,`all_paid_price`,`if_cashed`,`cash_oper_id`,`cash_oper_name`,`cash_oper_code`,`cash_time`,`cash_station`,`actual_received_amount`,`company_name`,`company_address`,`company_tel`,`company_fax`,`company_logo_pic_logo`,`company_name_pic_logo`,`invoiceTax`) values (1,'00440',20,'admin','2017-09-25 16:34:22',75.00,5,'ACE Mosaic Inc.',1,'170925000','',0,'','',0,'','','',0.00,0,0,'','','1900-01-01 00:00:00','',0.00,'Sunrise Tile 太阳磁砖公司','133-09 35th Ave, Flushing, NY 11354','718-939-0538','718-939-1076','/images/company/20120730204140913.png','/images/company/20120730204140761.png',0.08875),(3,'00442',20,'admin','2017-09-25 19:34:57',110.00,1,'China Dongpeng',1,'170925001','',0,'','',0,'','','',0.00,0,0,'','','1900-01-01 00:00:00','',0.00,'Sunrise Tile 太阳磁砖公司','133-09 35th Ave, Flushing, NY 11354','718-939-0538','718-939-1076','/images/company/20120730204140913.png','/images/company/20120730204140761.png',0.08875),(4,'00443',20,'admin','2017-09-27 15:46:21',33.00,6,'Multi Tile Inc.',1,'170927000','',0,'','',0,'','','',0.00,0,0,'','','1900-01-01 00:00:00','',0.00,'Sunrise Tile 太阳磁砖公司','133-09 35th Ave, Flushing, NY 11354','718-939-0538','718-939-1076','/images/company/20120730204140913.png','/images/company/20120730204140761.png',0.08875),(8,'00448',20,'admin','2017-09-27 16:08:26',2220.00,7,'CaulkTile Corp.',1,'170927001','',0,'','',0,'','','',0.00,0,0,'','','1900-01-01 00:00:00','',0.00,'Sunrise Tile 太阳磁砖公司','133-09 35th Ave, Flushing, NY 11354','718-939-0538','718-939-1076','/images/company/20120730204140913.png','/images/company/20120730204140761.png',0.08875),(9,'00449',20,'admin','2017-09-29 17:02:27',100.00,10,'ES Kitchen & Bath Inc.',1,'170929000','',0,'','',0,'','','',0.00,0,0,'','','1900-01-01 00:00:00','',0.00,'Sunrise Tile 太阳磁砖公司','133-09 35th Ave, Flushing, NY 11354','718-939-0538','718-939-1076','/images/company/20120730204140913.png','/images/company/20120730204140761.png',0.08875),(10,'00450',20,'admin','2017-09-30 17:22:15',52.00,5,'ACE Mosaic Inc.',1,'170930000','',1,'','',0,'','','2062',52.00,0,0,'','','1900-01-01 00:00:00','',0.00,'Sunrise Tile 太阳磁砖公司','133-09 35th Ave, Flushing, NY 11354','718-939-0538','718-939-1076','/images/company/20120730204140913.png','/images/company/20120730204140761.png',0.08875);

/*Table structure for table `tpurchaseproduct` */

DROP TABLE IF EXISTS `tpurchaseproduct`;

CREATE TABLE `tpurchaseproduct` (
  `id` int(10) NOT NULL AUTO_INCREMENT,
  `purchase_id` int(10) DEFAULT NULL,
  `product_id` int(10) DEFAULT NULL,
  `product_code` varchar(50) DEFAULT NULL,
  `product_name` varchar(50) DEFAULT NULL,
  `product_price` float(16,2) DEFAULT NULL,
  `product_num` float(16,2) DEFAULT NULL,
  `purchase_time` datetime DEFAULT NULL,
  `provider_id` int(10) DEFAULT NULL,
  `provider_name` varchar(50) DEFAULT NULL,
  `if_stock` int(11) DEFAULT '0',
  `remark` varchar(1024) DEFAULT NULL,
  `actual_received` float(16,2) DEFAULT NULL,
  `receiver` varchar(20) DEFAULT NULL,
  `actual_received_amount` int(11) DEFAULT NULL,
  PRIMARY KEY (`id`),
  KEY `id` (`id`) USING BTREE,
  KEY `product_id` (`product_id`) USING BTREE,
  KEY `product_num` (`product_num`) USING BTREE,
  KEY `provider_id` (`provider_id`) USING BTREE
) ENGINE=InnoDB AUTO_INCREMENT=8 DEFAULT CHARSET=gbk;

/*Data for the table `tpurchaseproduct` */

insert  into `tpurchaseproduct`(`id`,`purchase_id`,`product_id`,`product_code`,`product_name`,`product_price`,`product_num`,`purchase_time`,`provider_id`,`provider_name`,`if_stock`,`remark`,`actual_received`,`receiver`,`actual_received_amount`) values (1,1,531,'JC04(ACE)','10pcs/box',7.50,10.00,'2017-09-25 16:34:22',0,'',1,'',10.00,'',NULL),(2,2,531,'JC04(ACE)','10pcs/box',7.50,0.00,'2017-09-25 16:40:43',0,'',0,'',0.00,'',NULL),(3,3,532,'test 001','test product',11.00,10.00,'2017-09-25 19:34:57',0,'',1,'',10.00,'',NULL),(4,8,534,'Thinset (White)','50LB/48PL',7.71,288.00,'2017-09-27 16:08:26',0,'',1,'',288.00,'',NULL),(5,9,538,'CMPP(ES)','Creana Marfil(Polished)-Pencil',5.00,17.00,'2017-09-29 17:02:27',0,'',1,'',17.00,'',NULL),(6,9,539,'WCPP(ES)','White Carrara Pencil',5.00,3.00,'2017-09-29 17:02:27',0,'',1,'',3.00,'',NULL),(7,10,543,'JD12(ACE)','10pcs/box',7.50,7.00,'2017-09-30 17:22:15',0,'',1,'',7.00,'',NULL);

/*Table structure for table `tsale` */

DROP TABLE IF EXISTS `tsale`;

CREATE TABLE `tsale` (
  `id` int(10) NOT NULL AUTO_INCREMENT,
  `sale_bill_code` varchar(50) DEFAULT NULL,
  `oper_id` int(10) DEFAULT NULL,
  `oper_code` varchar(50) DEFAULT NULL,
  `oper_name` varchar(50) DEFAULT NULL,
  `oper_time` datetime DEFAULT NULL,
  `cash_oper_id` smallint(5) DEFAULT NULL,
  `cash_oper_code` varchar(50) DEFAULT NULL,
  `cash_oper_name` varchar(50) DEFAULT NULL,
  `cash_time` datetime DEFAULT NULL,
  `cash_station` varchar(50) DEFAULT NULL,
  `rma_id` smallint(5) DEFAULT NULL,
  `rma_code` varchar(50) DEFAULT NULL,
  `rma_name` varchar(50) DEFAULT NULL,
  `rma_time` datetime DEFAULT NULL,
  `buyer_id` int(10) DEFAULT '0',
  `buyer_code` varchar(200) DEFAULT NULL,
  `buyer_state` varchar(200) DEFAULT NULL,
  `buyer_city` varchar(200) DEFAULT NULL,
  `buyer_name` varchar(200) DEFAULT NULL,
  `buyer_mobile` varchar(200) DEFAULT NULL,
  `buyer_postCode` varchar(200) DEFAULT NULL,
  `buyer_address` varchar(2000) DEFAULT NULL,
  `if_cashed` smallint(5) DEFAULT NULL,
  `payment` varchar(50) DEFAULT NULL,
  `sub_total` float(16,2) DEFAULT NULL,
  `tax` float(16,2) DEFAULT NULL,
  `discount` float(16,2) DEFAULT NULL,
  `all_price` float(16,2) DEFAULT NULL,
  `confirm_code` varchar(500) DEFAULT NULL,
  `invoice` varchar(500) DEFAULT NULL,
  `remark` varchar(2000) DEFAULT NULL,
  `paid_price` float(16,2) DEFAULT '0.00',
  `send_type` varchar(20) DEFAULT '0' COMMENT '0 送货，1 邮寄，2 自取',
  `send_time` datetime DEFAULT NULL,
  `send_operid` bigint(20) DEFAULT NULL,
  `send_opername` varchar(100) DEFAULT NULL,
  `type` tinyint(2) DEFAULT '0' COMMENT '订单类型，0 普通，1，报价单',
  `refund` double(16,2) DEFAULT '0.00',
  `company_name` varchar(200) DEFAULT NULL,
  `company_address` varchar(200) DEFAULT NULL,
  `company_tel` varchar(200) DEFAULT NULL,
  `company_fax` varchar(200) DEFAULT NULL,
  `company_logo_pic_logo` varchar(200) DEFAULT NULL,
  `company_name_pic_logo` varchar(200) DEFAULT NULL,
  `invoiceTax` float DEFAULT NULL,
  `discountpercent` float(16,2) DEFAULT '0.00',
  `buyer_type` int(11) DEFAULT NULL,
  `taxable` int(11) DEFAULT NULL,
  `rma_status` int(11) DEFAULT NULL,
  `delivery_fee` float(16,2) DEFAULT NULL,
  PRIMARY KEY (`id`),
  KEY `buyer_id` (`buyer_id`) USING BTREE,
  KEY `buyer_id1` (`rma_id`) USING BTREE,
  KEY `cash_oper_code` (`cash_oper_code`) USING BTREE,
  KEY `cash_oper_id` (`cash_oper_id`) USING BTREE,
  KEY `confirm_code` (`confirm_code`(383)) USING BTREE,
  KEY `id` (`id`) USING BTREE,
  KEY `oper_code` (`oper_code`) USING BTREE,
  KEY `oper_id` (`oper_id`) USING BTREE,
  KEY `sale_bill_code` (`sale_bill_code`) USING BTREE
) ENGINE=InnoDB AUTO_INCREMENT=36 DEFAULT CHARSET=gbk;

/*Data for the table `tsale` */

insert  into `tsale`(`id`,`sale_bill_code`,`oper_id`,`oper_code`,`oper_name`,`oper_time`,`cash_oper_id`,`cash_oper_code`,`cash_oper_name`,`cash_time`,`cash_station`,`rma_id`,`rma_code`,`rma_name`,`rma_time`,`buyer_id`,`buyer_code`,`buyer_state`,`buyer_city`,`buyer_name`,`buyer_mobile`,`buyer_postCode`,`buyer_address`,`if_cashed`,`payment`,`sub_total`,`tax`,`discount`,`all_price`,`confirm_code`,`invoice`,`remark`,`paid_price`,`send_type`,`send_time`,`send_operid`,`send_opername`,`type`,`refund`,`company_name`,`company_address`,`company_tel`,`company_fax`,`company_logo_pic_logo`,`company_name_pic_logo`,`invoiceTax`,`discountpercent`,`buyer_type`,`taxable`,`rma_status`,`delivery_fee`) values (1,'E170924101',20,'admin','admin','2017-09-24 17:59:46',0,'','','1900-01-01 00:00:00','',0,'','','1900-01-01 00:00:00',1,'16 Cary Rd LLC','NY','Great Neck','16 Cary Rd LLC','','11021','16 Cary Rd',0,'Credit Account',760.00,67.45,0.00,827.45,'123456','E170924101','',0.00,'自取','1900-01-01 00:00:00',0,'',1,0.00,'Sunrise Tile 太阳磁砖公司','133-09 35th Ave, Flushing, NY 11354','718-939-0538','718-939-1076','/images/company/20120730204140913.png','/images/company/20120730204140761.png',0.08875,0.00,2,1,0,NULL),(2,'E170924102',20,'admin','admin','2017-09-24 18:13:18',0,'','','1900-01-01 00:00:00','',0,'','','1900-01-01 00:00:00',1,'16 Cary Rd LLC','NY','Great Neck','16 Cary Rd LLC','','11021','16 Cary Rd',0,'Credit Account',291.60,28.40,28.40,320.00,'123456','E170924102','',0.00,'送货','1900-01-01 00:00:00',0,'',1,0.00,'Sunrise Tile 太阳磁砖公司','133-09 35th Ave, Flushing, NY 11354','718-939-0538','718-939-1076','/images/company/20120730204140913.png','/images/company/20120730204140761.png',0.08875,8.88,2,1,0,NULL),(4,'09122',20,'admin','admin','2017-09-25 15:55:33',0,'','','1900-01-01 00:00:00','',0,'','','1900-01-01 00:00:00',0,'','','','','646-726-7629','','',0,'Cash',168.00,14.91,0.00,182.91,'','170925101','',0.00,'自取','1900-01-01 00:00:00',0,'',0,0.00,'Sunrise Tile 太阳磁砖公司','133-09 35th Ave, Flushing, NY 11354','718-939-0538','718-939-1076','/images/company/20120730204140913.png','/images/company/20120730204140761.png',0.08875,0.00,0,0,0,NULL),(5,'09123',20,'admin','admin','2017-09-25 15:56:42',0,'','','1900-01-01 00:00:00','',0,'','','1900-01-01 00:00:00',0,'','','','万达','718-939-5678','','',0,'Cash',367.42,35.78,35.78,403.20,'123456','170925102','',0.00,'自取','1900-01-01 00:00:00',0,'',0,0.00,'Sunrise Tile 太阳磁砖公司','133-09 35th Ave, Flushing, NY 11354','718-939-0538','718-939-1076','/images/company/20120730204140913.png','/images/company/20120730204140761.png',0.08875,8.87,0,0,0,NULL),(6,'09124',20,'admin','admin','2017-09-25 16:00:03',0,'','','1900-01-01 00:00:00','',0,'','','1900-01-01 00:00:00',0,'','','','Rommel M Zambrano','203-887-7351','','',0,'Credit Card',300.00,26.63,0.00,326.63,'','170925103','',0.00,'自取','1900-01-01 00:00:00',0,'',0,0.00,'Sunrise Tile 太阳磁砖公司','133-09 35th Ave, Flushing, NY 11354','718-939-0538','718-939-1076','/images/company/20120730204140913.png','/images/company/20120730204140761.png',0.08875,0.00,0,0,0,NULL),(7,'09125',20,'admin','admin','2017-09-25 16:09:42',0,'','','1900-01-01 00:00:00','',0,'','','1900-01-01 00:00:00',0,'','','','Tiger\'s Wood','','','',0,'Cash',300.71,29.29,29.29,330.00,'123456','170925104','',0.00,'自取','1900-01-01 00:00:00',0,'',0,0.00,'Sunrise Tile 太阳磁砖公司','133-09 35th Ave, Flushing, NY 11354','718-939-0538','718-939-1076','/images/company/20120730204140913.png','/images/company/20120730204140761.png',0.08875,8.88,0,0,0,NULL),(9,'09126',20,'admin','admin','2017-09-25 16:36:23',0,'','','1900-01-01 00:00:00','',0,'','','1900-01-01 00:00:00',0,'','NY','Port  Washington','Oskar Cibanb','516-944-3020 ','11050','63 Juniper Rd ',0,'Credit Card',1377.79,122.28,0.00,1500.07,'123456','170925105','9/26/17 周二送货签收。早上7点打电话确认！',0.00,'送货','1900-01-01 00:00:00',0,'',0,0.00,'Sunrise Tile 太阳磁砖公司','133-09 35th Ave, Flushing, NY 11354','718-939-0538','718-939-1076','/images/company/20120730204140913.png','/images/company/20120730204140761.png',0.08875,0.00,0,0,0,NULL),(10,'09127',20,'admin','admin','2017-09-25 16:42:57',0,'','','1900-01-01 00:00:00','',0,'','','1900-01-01 00:00:00',0,'','','','海森','','','',0,'Cash',211.20,18.74,0.00,229.94,'123456','170925106','',0.00,'送货','1900-01-01 00:00:00',0,'',0,0.00,'Sunrise Tile 太阳磁砖公司','133-09 35th Ave, Flushing, NY 11354','718-939-0538','718-939-1076','/images/company/20120730204140913.png','/images/company/20120730204140761.png',0.08875,0.00,0,0,0,NULL),(11,'09128',20,'admin','admin','2017-09-25 16:53:45',0,'','','1900-01-01 00:00:00','',0,'','','1900-01-01 00:00:00',0,'','','','海森','','','',0,'Cash',211.20,18.74,0.00,229.94,'123456','170925107','',0.00,'自取','1900-01-01 00:00:00',0,'',0,0.00,'Sunrise Tile 太阳磁砖公司','133-09 35th Ave, Flushing, NY 11354','718-939-0538','718-939-1076','/images/company/20120730204140913.png','/images/company/20120730204140761.png',0.08875,0.00,0,0,0,NULL),(12,'09129',20,'admin','admin','2017-09-25 19:50:45',0,'','','1900-01-01 00:00:00','',0,'','','1900-01-01 00:00:00',0,'','','','','','','',0,'Cash',150.00,13.31,0.00,163.31,'','170925108','',0.00,'自取','1900-01-01 00:00:00',0,'',0,0.00,'Sunrise Tile 太阳磁砖公司','133-09 35th Ave, Flushing, NY 11354','718-939-0538','718-939-1076','/images/company/20120730204140913.png','/images/company/20120730204140761.png',0.08875,0.00,0,0,0,NULL),(13,'09130',20,'admin','admin','2017-09-27 16:42:12',0,'','','1900-01-01 00:00:00','',0,'','','1900-01-01 00:00:00',0,'','','NewHyde Park','Gazi','347-656-4194','11040','105 South 9St',0,'Cash',1565.20,138.91,0.00,1704.11,'123456','170927101','',0.00,'送货','1900-01-01 00:00:00',0,'',0,0.00,'Sunrise Tile 太阳磁砖公司','133-09 35th Ave, Flushing, NY 11354','718-939-0538','718-939-1076','/images/company/20120730204140913.png','/images/company/20120730204140761.png',0.08875,0.00,0,2,0,0.00),(14,'E170927101',20,'admin','admin','2017-09-27 16:46:22',0,'','','1900-01-01 00:00:00','',0,'','','1900-01-01 00:00:00',0,'','NY','Elmhurst','林先生','347-996-2587','','86-17 59Ave',0,'Cash',888.00,78.81,0.00,1016.81,'','E170927101','',0.00,'自取','1900-01-01 00:00:00',0,'',1,0.00,'Sunrise Tile 太阳磁砖公司','133-09 35th Ave, Flushing, NY 11354','718-939-0538','718-939-1076','/images/company/20120730204140913.png','/images/company/20120730204140761.png',0.08875,0.00,0,0,0,50.00),(15,'09131',20,'admin','admin','2017-09-27 16:51:06',20,'admin','admin','2017-09-27 16:52:16','',0,'','','1900-01-01 00:00:00',0,'','NY','Brooklyn','CMW Contracting','917-603-3493','','7516 Bay Pkway',1,'Cash',4841.80,429.71,0.00,5321.51,'','170927102','',5321.51,'送货','1900-01-01 00:00:00',0,'',0,0.00,'Sunrise Tile 太阳磁砖公司','133-09 35th Ave, Flushing, NY 11354','718-939-0538','718-939-1076','/images/company/20120730204140913.png','/images/company/20120730204140761.png',0.08875,0.00,0,0,0,50.00),(17,'09133',20,'admin','admin','2017-09-27 16:55:27',0,'','','1900-01-01 00:00:00','',0,'','','1900-01-01 00:00:00',0,'','','','','','','',0,'Cash',2392.00,212.29,0.00,2611.29,'','170927104','',0.00,'自取','1900-01-01 00:00:00',0,'',0,0.00,'Sunrise Tile 太阳磁砖公司','133-09 35th Ave, Flushing, NY 11354','718-939-0538','718-939-1076','/images/company/20120730204140913.png','/images/company/20120730204140761.png',0.08875,0.00,0,0,0,7.00),(18,'09132',20,'admin','admin','2017-09-27 16:56:59',0,'','','1900-01-01 00:00:00','',0,'','','1900-01-01 00:00:00',0,'','','','145-36 Realty','917-881-6073','','145-38 34Ave',0,'Cash',533.60,0.00,0.00,533.60,'123456','170927103','',0.00,'送货','1900-01-01 00:00:00',0,'',0,0.00,'Sunrise Tile 太阳磁砖公司','133-09 35th Ave, Flushing, NY 11354','718-939-0538','718-939-1076','/images/company/20120730204140913.png','/images/company/20120730204140761.png',0.08875,0.00,0,1,0,0.00),(19,'09134',20,'admin','admin','2017-09-29 17:05:19',0,'','','1900-01-01 00:00:00','',0,'','','1900-01-01 00:00:00',0,'','','','','','','',0,'Cash',200.00,17.75,0.00,218.75,'','170929101','',0.00,'自取','1900-01-01 00:00:00',0,'',0,0.00,'Sunrise Tile 太阳磁砖公司','133-09 35th Ave, Flushing, NY 11354','718-939-0538','718-939-1076','/images/company/20120730204140913.png','/images/company/20120730204140761.png',0.08875,0.00,0,0,0,1.00),(20,'09135',20,'admin','admin','2017-09-30 16:38:45',0,'','','1900-01-01 00:00:00','',0,'','','1900-01-01 00:00:00',0,'','NY','WoodHaven','董女士','646-625-9278/347-200-3694','11421','87-27 90St ',0,'Cash',1001.80,88.91,0.00,1090.71,'123456','170930101','',0.00,'送货','1900-01-01 00:00:00',0,'',0,0.00,'Sunrise Tile 太阳磁砖公司','133-09 35th Ave, Flushing, NY 11354','718-939-0538','718-939-1076','/images/company/20120730204140913.png','/images/company/20120730204140761.png',0.08875,0.00,0,0,0,0.00),(21,'09136',20,'admin','admin','2017-09-30 16:53:27',20,'admin','admin','2017-09-30 16:53:52','',0,'','','1900-01-01 00:00:00',0,'','','Flushing','刘师傅','646-249-0066','','143-35',1,'Cash',896.50,79.56,0.00,976.06,'','170930102','',976.06,'送货','1900-01-01 00:00:00',0,'',0,0.00,'Sunrise Tile 太阳磁砖公司','133-09 35th Ave, Flushing, NY 11354','718-939-0538','718-939-1076','/images/company/20120730204140913.png','/images/company/20120730204140761.png',0.08875,0.00,0,0,0,0.00),(22,'09137',20,'admin','admin','2017-09-30 16:56:02',20,'admin','admin','2017-09-30 16:56:16','',0,'','','1900-01-01 00:00:00',2,'福林地板','','','福林地板','','','',1,'Cash',67.20,0.00,0.00,67.20,'','170930103','星期六送货收款！',67.20,'送货','1900-01-01 00:00:00',0,'',0,0.00,'Sunrise Tile 太阳磁砖公司','133-09 35th Ave, Flushing, NY 11354','718-939-0538','718-939-1076','/images/company/20120730204140913.png','/images/company/20120730204140761.png',0.08875,0.00,1,1,0,0.00),(24,'09138',20,'admin','admin','2017-09-30 17:00:47',20,'admin','admin','2017-09-30 17:00:14','',0,'','','1900-01-01 00:00:00',0,'','NY','Mamaroneck','Fransis','917-939-5749','10543','1139 W Boston Post Rd ',1,'Credit Card',3168.00,281.16,0.00,3509.16,'123456','170930104','Pay By Check #1029',3509.16,'送货','1900-01-01 00:00:00',0,'',0,0.00,'Sunrise Tile 太阳磁砖公司','133-09 35th Ave, Flushing, NY 11354','718-939-0538','718-939-1076','/images/company/20120730204140913.png','/images/company/20120730204140761.png',0.08875,0.00,0,0,0,60.00),(25,'09139',20,'admin','admin','2017-09-30 17:02:16',0,'','','1900-01-01 00:00:00','',0,'','','1900-01-01 00:00:00',3,'现代 New High','','','现代 New High','','','',0,'Credit Account',169.40,0.00,0.00,169.40,'','170930105','',0.00,'送货','1900-01-01 00:00:00',0,'',0,0.00,'Sunrise Tile 太阳磁砖公司','133-09 35th Ave, Flushing, NY 11354','718-939-0538','718-939-1076','/images/company/20120730204140913.png','/images/company/20120730204140761.png',0.08875,0.00,1,1,0,0.00),(26,'09140',20,'admin','admin','2017-09-30 17:02:45',20,'admin','admin','2017-09-30 17:02:58','',0,'','','1900-01-01 00:00:00',0,'','','','','','','',1,'Cash',32.00,2.84,0.00,34.84,'','170930106','',34.84,'自取','1900-01-01 00:00:00',0,'',0,0.00,'Sunrise Tile 太阳磁砖公司','133-09 35th Ave, Flushing, NY 11354','718-939-0538','718-939-1076','/images/company/20120730204140913.png','/images/company/20120730204140761.png',0.08875,0.00,0,0,0,0.00),(27,'09141',20,'admin','admin','2017-09-30 17:04:51',20,'admin','admin','2017-09-30 17:05:00','',0,'','','1900-01-01 00:00:00',0,'','','','Danny','914-490-1061','','',1,'Cash',264.00,23.43,0.00,287.43,'123456','170930107','',287.43,'自取','1900-01-01 00:00:00',0,'',0,0.00,'Sunrise Tile 太阳磁砖公司','133-09 35th Ave, Flushing, NY 11354','718-939-0538','718-939-1076','/images/company/20120730204140913.png','/images/company/20120730204140761.png',0.08875,0.00,0,0,0,0.00),(28,'09142',20,'admin','admin','2017-09-30 17:12:08',20,'admin','admin','2017-09-30 17:12:22','',0,'','','1900-01-01 00:00:00',0,'','','','Hajro','917-642-7794','','',1,'Credit Card',28.00,2.48,0.00,30.49,'123456','170930108','',30.49,'自取','1900-01-01 00:00:00',0,'',0,0.00,'Sunrise Tile 太阳磁砖公司','133-09 35th Ave, Flushing, NY 11354','718-939-0538','718-939-1076','/images/company/20120730204140913.png','/images/company/20120730204140761.png',0.08875,0.00,0,2,0,0.00),(29,'09143',20,'admin','admin','2017-09-30 17:16:02',0,'','','1900-01-01 00:00:00','',0,'','','1900-01-01 00:00:00',0,'','','','储师傅','','','',0,'Cash',525.90,46.67,0.00,572.57,'123456','170930109','',0.00,'自取','1900-01-01 00:00:00',0,'',0,0.00,'Sunrise Tile 太阳磁砖公司','133-09 35th Ave, Flushing, NY 11354','718-939-0538','718-939-1076','/images/company/20120730204140913.png','/images/company/20120730204140761.png',0.08875,0.00,0,2,0,0.00),(30,'E170930101',20,'admin','admin','2017-09-30 17:17:34',0,'','','1900-01-01 00:00:00','',0,'','','1900-01-01 00:00:00',0,'','','','储师傅','','','',0,'Cash',20.80,1.85,0.00,22.65,'','E170930101','',0.00,'自取','1900-01-01 00:00:00',0,'',1,0.00,'Sunrise Tile 太阳磁砖公司','133-09 35th Ave, Flushing, NY 11354','718-939-0538','718-939-1076','/images/company/20120730204140913.png','/images/company/20120730204140761.png',0.08875,0.00,0,0,0,0.00),(32,'E170930102',20,'admin','admin','2017-09-30 17:19:52',0,'','','1900-01-01 00:00:00','',0,'','','1900-01-01 00:00:00',0,'','','','','','','',0,'Cash',5.00,0.44,0.00,5.44,'','E170930102','',0.00,'自取','1900-01-01 00:00:00',0,'',1,0.00,'Sunrise Tile 太阳磁砖公司','133-09 35th Ave, Flushing, NY 11354','718-939-0538','718-939-1076','/images/company/20120730204140913.png','/images/company/20120730204140761.png',0.08875,0.00,0,0,0,0.00),(33,'09144',20,'admin','admin','2017-09-30 17:24:57',0,'','','1900-01-01 00:00:00','',0,'','','1900-01-01 00:00:00',0,'','','','','718-570-7204','','',0,'Cash',153.25,13.60,0.00,166.85,'123456','170930110','',0.00,'自取','1900-01-01 00:00:00',0,'',0,0.00,'Sunrise Tile 太阳磁砖公司','133-09 35th Ave, Flushing, NY 11354','718-939-0538','718-939-1076','/images/company/20120730204140913.png','/images/company/20120730204140761.png',0.08875,0.00,0,0,0,0.00),(34,'E171010101',20,'admin','admin','2017-10-10 15:39:02',0,'','','1900-01-01 00:00:00','',0,'','','1900-01-01 00:00:00',3,'现代 New High','','','现代 New High','','','',0,'Credit Account',1000.00,88.75,0.00,1088.75,'123456','E171010101','',0.00,'自取','1900-01-01 00:00:00',0,'',1,0.00,'Sunrise Tile 太阳磁砖公司','133-09 35th Ave, Flushing, NY 11354','718-939-0538','718-939-1076','/images/company/20120730204140913.png','/images/company/20120730204140761.png',0.08875,0.00,1,2,0,0.00),(35,'E171010102',20,'admin','admin','2017-10-10 15:40:33',0,'','','1900-01-01 00:00:00','',0,'','','1900-01-01 00:00:00',1,'16 Cary Rd LLC','NY','Great Neck','16 Cary Rd LLC','','11021','16 Cary Rd',0,'Credit Account',160.00,0.00,0.00,160.00,'123456','E171010102','',0.00,'送货','1900-01-01 00:00:00',0,'',1,0.00,'Sunrise Tile 太阳磁砖公司','133-09 35th Ave, Flushing, NY 11354','718-939-0538','718-939-1076','/images/company/20120730204140913.png','/images/company/20120730204140761.png',0.08875,0.00,2,1,0,0.00);

/*Table structure for table `tsalehistory` */

DROP TABLE IF EXISTS `tsalehistory`;

CREATE TABLE `tsalehistory` (
  `id` bigint(20) NOT NULL AUTO_INCREMENT,
  `oper_id` bigint(20) NOT NULL,
  `buyer_id` bigint(20) NOT NULL,
  `cash_time` datetime NOT NULL,
  `amount` double(16,2) NOT NULL,
  `sale_id` bigint(20) NOT NULL,
  `sale_bill_code` varchar(50) DEFAULT NULL,
  `oper_name` varchar(64) DEFAULT NULL,
  `buyer_name` varchar(64) DEFAULT NULL,
  `remark` varchar(1000) DEFAULT NULL,
  `payment` varchar(1000) DEFAULT NULL,
  PRIMARY KEY (`id`)
) ENGINE=InnoDB AUTO_INCREMENT=2 DEFAULT CHARSET=gbk;

/*Data for the table `tsalehistory` */

insert  into `tsalehistory`(`id`,`oper_id`,`buyer_id`,`cash_time`,`amount`,`sale_id`,`sale_bill_code`,`oper_name`,`buyer_name`,`remark`,`payment`) values (1,20,2,'2017-09-30 16:56:17',67.20,22,'09137','admin','福林地板','星期六送货收款！','');

/*Table structure for table `tsaleproduct` */

DROP TABLE IF EXISTS `tsaleproduct`;

CREATE TABLE `tsaleproduct` (
  `id` int(10) NOT NULL AUTO_INCREMENT,
  `sale_id` int(10) DEFAULT NULL,
  `product_id` int(10) DEFAULT NULL,
  `product_code` varchar(500) DEFAULT NULL,
  `product_name` varchar(500) DEFAULT NULL,
  `product_price` float(16,2) DEFAULT NULL,
  `agio_price` float(16,2) DEFAULT NULL,
  `product_num` float(16,2) DEFAULT NULL,
  `sale_time` datetime DEFAULT NULL,
  `agio` float(16,2) DEFAULT NULL,
  `rma_id` int(10) DEFAULT NULL,
  `rma_time` datetime DEFAULT NULL,
  `rma_code` varchar(50) DEFAULT NULL,
  `if_rma` varchar(50) DEFAULT NULL,
  `if_back_order` int(11) DEFAULT NULL,
  `back_order_id` int(11) DEFAULT NULL,
  `back_order_code` varchar(20) DEFAULT NULL,
  `back_order_time` datetime DEFAULT NULL,
  `rma_num` int(11) DEFAULT NULL,
  `credit_num` int(11) DEFAULT NULL,
  `damage_num` int(11) DEFAULT NULL,
  `productid` varchar(200) DEFAULT NULL,
  `unit_qty` varchar(500) DEFAULT NULL,
  `tracking_id` varchar(250) DEFAULT NULL,
  PRIMARY KEY (`id`),
  KEY `id` (`id`) USING BTREE,
  KEY `product_id` (`product_id`) USING BTREE,
  KEY `product_num` (`product_num`) USING BTREE,
  KEY `rma_code` (`rma_code`) USING BTREE,
  KEY `rma_id` (`rma_id`) USING BTREE,
  KEY `sale_id` (`sale_id`) USING BTREE
) ENGINE=InnoDB AUTO_INCREMENT=76 DEFAULT CHARSET=gbk COMMENT='InnoDB free: 13312 kB; InnoDB free: 13312 kB';

/*Data for the table `tsaleproduct` */

insert  into `tsaleproduct`(`id`,`sale_id`,`product_id`,`product_code`,`product_name`,`product_price`,`agio_price`,`product_num`,`sale_time`,`agio`,`rma_id`,`rma_time`,`rma_code`,`if_rma`,`if_back_order`,`back_order_id`,`back_order_code`,`back_order_time`,`rma_num`,`credit_num`,`damage_num`,`productid`,`unit_qty`,`tracking_id`) values (1,1,332,'0','12\"x12\" 15pcs/box Porcelain',1.60,1.20,300.00,'2017-09-24 17:59:46',0.00,0,'1900-01-01 00:00:00','','',0,0,'','1900-01-01 00:00:00',0,0,0,'M322','',''),(2,1,422,'0','8\"x12\"  28pcs/box Ceramic',1.00,1.00,200.00,'2017-09-24 17:59:46',0.00,0,'1900-01-01 00:00:00','','',0,0,'','1900-01-01 00:00:00',0,0,0,'VC1105','',''),(3,1,259,'0','12\"x24\" 6pcs/box Porcelain',2.40,2.00,100.00,'2017-09-24 17:59:46',0.00,0,'1900-01-01 00:00:00','','',0,0,'','1900-01-01 00:00:00',0,0,0,'EM63101','',''),(4,2,6,'0','12\"x18\" 12pcs/box Ceramic',1.50,1.50,100.00,'2017-09-24 18:13:18',0.00,0,'1900-01-01 00:00:00','','',0,0,'','1900-01-01 00:00:00',0,0,0,'119461','',''),(5,2,61,'0','12\"x24\" 8pcs/box Porcelain',1.60,1.60,50.00,'2017-09-24 18:13:18',0.00,0,'1900-01-01 00:00:00','','',0,0,'','1900-01-01 00:00:00',0,0,0,'269511P(169511P)','',''),(6,2,112,'0','12\"x18\" 12pcs/box Ceramic',1.50,1.50,60.00,'2017-09-24 18:13:18',0.00,0,'1900-01-01 00:00:00','','',0,0,'','1900-01-01 00:00:00',0,0,0,'66012','',''),(8,4,376,'0','12\"x24\" 8pcs/box Porcelain',1.80,1.60,32.00,'2017-09-25 15:55:33',0.00,0,'1900-01-01 00:00:00','','',0,0,'','1900-01-01 00:00:00',0,0,0,'PL6175','',''),(9,4,371,'0','6\"x24\"  16pcs/box Porcelain',2.40,2.40,48.00,'2017-09-25 15:55:33',0.00,0,'1900-01-01 00:00:00','','',0,0,'','1900-01-01 00:00:00',0,0,0,'NW15603','',''),(10,4,378,'0','12\"x24\" 8pcs/box Black Porcelain',2.00,1.60,1.00,'2017-09-25 15:55:33',0.00,0,'1900-01-01 00:00:00','','',0,0,'','1900-01-01 00:00:00',0,0,0,'QJP009C\"','',''),(11,5,84,'0','24\"x24\" 4pcs/box Porcelain',1.80,1.40,288.00,'2017-09-25 15:56:42',0.00,0,'1900-01-01 00:00:00','','',0,0,'','1900-01-01 00:00:00',0,0,0,'603','',''),(12,6,377,'0','8\"x10\"  20pcs/box Ceramic',1.40,1.00,300.00,'2017-09-25 16:00:03',0.00,0,'1900-01-01 00:00:00','','',0,0,'','1900-01-01 00:00:00',0,0,0,'全白8x10(WB20252)','',''),(13,7,242,'0','12\"x18\" 12pcs/box Ceramic',1.50,1.10,108.00,'2017-09-25 16:09:42',0.00,0,'1900-01-01 00:00:00','','',0,0,'','1900-01-01 00:00:00',0,0,0,'D43007','',''),(14,7,189,'0','12\"x24\" 8pcs/box(7pcs/Box) Ceramic',1.70,1.20,176.00,'2017-09-25 16:09:42',8.00,0,'1900-01-01 00:00:00','','',0,0,'','1900-01-01 00:00:00',0,0,0,'8801(DA6000)','',''),(19,9,21,'0','6\"x24\"  11pcs/box Porcelain',2.00,1.60,209.00,'2017-09-25 16:36:23',0.00,0,'1900-01-01 00:00:00','','',0,0,'','1900-01-01 00:00:00',0,0,0,'156730','',''),(20,9,530,'U289CC-12M(Sun)','11pcs/box',5.00,5.00,35.00,'2017-09-25 16:36:23',0.00,0,'1900-01-01 00:00:00','','',0,0,'','1900-01-01 00:00:00',0,0,0,'U289CC-12M(Sun)','',''),(21,9,49,'0','12\"x24\" 8pcs/box Ceramic',1.60,1.30,272.00,'2017-09-25 16:36:23',0.00,0,'1900-01-01 00:00:00','','',0,0,'','1900-01-01 00:00:00',0,0,0,'2-36P1191','',''),(22,9,417,'0','13\"x13\" 16pcs/box Concept Crema',1.80,1.69,168.30,'2017-09-25 16:36:23',6.00,0,'1900-01-01 00:00:00','','',0,0,'','1900-01-01 00:00:00',0,0,0,'UFWM100','',''),(23,9,386,'0','12\"x32\" 6pcs/box Porcelian',3.50,2.98,32.00,'2017-09-25 16:36:23',15.00,0,'1900-01-01 00:00:00','','',0,0,'','1900-01-01 00:00:00',0,0,0,'RJ3832','',''),(24,9,531,'JC04(ACE)','10pcs/box',13.50,13.50,10.00,'2017-09-25 16:36:23',0.00,0,'1900-01-01 00:00:00','','',0,0,'','1900-01-01 00:00:00',0,0,0,'JC04(ACE)','',''),(25,10,49,'0','12\"x24\" 8pcs/box Ceramic',1.60,1.20,176.00,'2017-09-25 16:42:57',8.00,0,'1900-01-01 00:00:00','','',0,0,'','1900-01-01 00:00:00',0,0,0,'2-36P1191','',''),(26,11,49,'0','12\"x24\" 8pcs/box Ceramic',1.60,1.20,176.00,'2017-09-25 16:53:45',8.00,0,'1900-01-01 00:00:00','','',0,0,'','1900-01-01 00:00:00',0,0,0,'2-36P1191','',''),(27,12,532,'test 001','test product',15.00,15.00,10.00,'2017-09-25 19:50:45',0.00,0,'1900-01-01 00:00:00','','',0,0,'','1900-01-01 00:00:00',0,0,0,'test 001','',''),(28,13,94,'0','24\"x24\" 4pcs/box Porcelain',1.80,1.60,800.00,'2017-09-27 16:42:12',0.00,0,'1900-01-01 00:00:00','','',0,0,'','1900-01-01 00:00:00',0,0,0,'61101','',''),(29,13,17,'0','12\"x18\" 12pcs/box Ceramic',1.50,1.30,144.00,'2017-09-27 16:42:12',0.00,0,'1900-01-01 00:00:00','','',0,0,'','1900-01-01 00:00:00',0,0,0,'145114(TC514)','',''),(30,13,535,'','10pcs/box',11.00,11.00,6.00,'2017-09-27 16:42:12',0.00,0,'1900-01-01 00:00:00','','',0,0,'','1900-01-01 00:00:00',0,0,0,'NY28(Can)','',''),(31,13,537,'','十字架 1/8',2.00,2.00,1.00,'2017-09-27 16:42:12',0.00,0,'1900-01-01 00:00:00','','',0,0,'','1900-01-01 00:00:00',0,0,0,'Regular 1/8In Spacers','',''),(32,13,525,'','收口灰 白色无沙',10.00,10.00,1.00,'2017-09-27 16:42:12',0.00,0,'1900-01-01 00:00:00','','',0,0,'','1900-01-01 00:00:00',0,0,0,'Grout-White Wall/Unsanded 25LB','',''),(33,13,522,'','收口灰 米色有沙',10.00,10.00,2.00,'2017-09-27 16:42:12',0.00,0,'1900-01-01 00:00:00','','',0,0,'','1900-01-01 00:00:00',0,0,0,'Grout-Peaches&Cream Floor/Sanded 25LB','',''),(34,14,110,'0','24\"x24\" 4pcs/box Porcelain',1.80,1.50,592.00,'2017-09-27 16:46:22',6.50,0,'1900-01-01 00:00:00','','',0,0,'','1900-01-01 00:00:00',0,0,0,'65084','',''),(35,15,236,'0','12\"x12\" 16pcs/box Ceramic',1.80,1.40,992.00,'2017-09-27 16:51:06',0.00,0,'1900-01-01 00:00:00','','',0,0,'','1900-01-01 00:00:00',0,0,0,'CT6616\"','',''),(36,15,187,'0','16\"x16\" 8pcs/box Porcelain',1.80,1.50,2302.00,'2017-09-27 16:51:06',0.00,0,'1900-01-01 00:00:00','','',0,0,'','1900-01-01 00:00:00',0,0,0,'87105','',''),(38,17,427,'0','24\"x24\" 3pcs/box Porcelain',2.60,2.60,920.00,'2017-09-27 16:55:27',0.00,0,'1900-01-01 00:00:00','','',0,0,'','1900-01-01 00:00:00',0,0,0,'YG605605','',''),(39,18,427,'0','24\"x24\" 3pcs/box Porcelain',2.60,1.80,252.00,'2017-09-27 16:56:59',18.00,0,'1900-01-01 00:00:00','','',0,0,'','1900-01-01 00:00:00',0,0,0,'YG605605','',''),(40,18,534,'','白水泥(普通)',8.00,8.00,10.00,'2017-09-27 16:56:59',0.00,0,'1900-01-01 00:00:00','','',0,0,'','1900-01-01 00:00:00',0,0,0,'Thinset (White)','',''),(41,19,538,'CMPP(ES)','Creana Marfil(Polished)-Pencil',10.00,10.00,17.00,'2017-09-29 17:05:19',0.00,0,'1900-01-01 00:00:00','','',0,0,'','1900-01-01 00:00:00',0,0,0,'CMPP(ES)','',''),(42,19,539,'WCPP(ES)','White Carrara Pencil',10.00,10.00,3.00,'2017-09-29 17:05:19',0.00,0,'1900-01-01 00:00:00','','',0,0,'','1900-01-01 00:00:00',0,0,0,'WCPP(ES)','',''),(43,20,11,'0','12\"x18\" 12pcs/box Ceramic',1.50,1.20,594.00,'2017-09-30 16:38:45',8.00,0,'1900-01-01 00:00:00','','',0,0,'','1900-01-01 00:00:00',0,0,0,'119401','',''),(44,20,534,'','白水泥(普通)',8.00,8.00,30.00,'2017-09-30 16:38:45',0.00,0,'1900-01-01 00:00:00','','',0,0,'','1900-01-01 00:00:00',0,0,0,'Thinset (White)','',''),(45,20,540,'白色塑料边条','',3.00,3.00,4.00,'2017-09-30 16:38:45',0.00,0,'1900-01-01 00:00:00','','',0,0,'','1900-01-01 00:00:00',0,0,0,'白色塑料边条','',''),(46,20,525,'','收口灰 白色无沙',10.00,10.00,1.00,'2017-09-30 16:38:45',0.00,0,'1900-01-01 00:00:00','','',0,0,'','1900-01-01 00:00:00',0,0,0,'Grout-White Wall/Unsanded 25LB','',''),(47,20,541,'白色门坎 4\"x24\"','',10.00,9.00,3.00,'2017-09-30 16:38:45',0.00,0,'1900-01-01 00:00:00','','',0,0,'','1900-01-01 00:00:00',0,0,0,'White 土耳其白/广西白 4\"x24\"','',''),(48,21,401,'0','12\"x12\" 15pcs/box Porcelain',1.80,1.40,450.00,'2017-09-30 16:53:27',0.00,0,'1900-01-01 00:00:00','','',0,0,'','1900-01-01 00:00:00',0,0,0,'T3305','',''),(49,21,514,'','灰水泥(普通)',6.50,6.50,20.00,'2017-09-30 16:53:27',0.00,0,'1900-01-01 00:00:00','','',0,0,'','1900-01-01 00:00:00',0,0,0,'Thinset (Gray)','',''),(50,21,522,'','收口灰 米色有沙',10.00,10.00,5.00,'2017-09-30 16:53:27',0.00,0,'1900-01-01 00:00:00','','',0,0,'','1900-01-01 00:00:00',0,0,0,'Grout-Peaches&Cream Floor/Sanded 25LB','',''),(51,21,523,'0','收口灰 米色无沙',10.00,10.00,2.00,'2017-09-30 16:53:27',0.00,0,'1900-01-01 00:00:00','','',0,0,'','1900-01-01 00:00:00',0,0,0,'Grout-Peaches&Cream Wall/Unsanded 25LB','',''),(52,21,537,'','十字架 1/8',2.00,2.00,2.00,'2017-09-30 16:53:27',0.00,0,'1900-01-01 00:00:00','','',0,0,'','1900-01-01 00:00:00',0,0,0,'Regular 1/8In Spacers','',''),(53,21,526,'0','地台水泥  \'Portland Cement Type 1/11 Hercules Buzzi ',9.00,9.00,5.00,'2017-09-30 16:53:27',0.00,0,'1900-01-01 00:00:00','','',0,0,'','1900-01-01 00:00:00',0,0,0,'Cement','',''),(54,21,527,'0','沙子',1.75,1.75,10.00,'2017-09-30 16:53:27',0.00,0,'1900-01-01 00:00:00','','',0,0,'','1900-01-01 00:00:00',0,0,0,'Sand 沙子','',''),(55,22,376,'0','12\"x24\" 8pcs/box Porcelain',1.80,1.40,48.00,'2017-09-30 16:56:02',0.00,0,'1900-01-01 00:00:00','','',0,0,'','1900-01-01 00:00:00',0,0,0,'PL6175','',''),(58,24,123,'0','24\"x24\" 4pcs/box Porcelain',1.80,1.50,1200.00,'2017-09-30 17:00:47',6.50,0,'1900-01-01 00:00:00','','',0,0,'','1900-01-01 00:00:00',0,0,0,'66232','',''),(59,24,124,'0','12\"x24\" 8pcs/box Porcelain',1.80,1.50,912.00,'2017-09-30 17:00:47',6.50,0,'1900-01-01 00:00:00','','',0,0,'','1900-01-01 00:00:00',0,0,0,'66232\"','',''),(60,25,19,'0','6\"x24\"  11pcs/box Porcelain',1.80,1.40,121.00,'2017-09-30 17:02:16',0.00,0,'1900-01-01 00:00:00','','',0,0,'','1900-01-01 00:00:00',0,0,0,'15657','',''),(61,26,371,'0','6\"x24\"  16pcs/box Porcelain',2.40,2.00,16.00,'2017-09-30 17:02:45',0.00,0,'1900-01-01 00:00:00','','',0,0,'','1900-01-01 00:00:00',0,0,0,'NW15603','',''),(62,27,132,'0','12\"x24\" 8pcs/box Porcelain',1.80,1.50,176.00,'2017-09-30 17:04:51',6.50,0,'1900-01-01 00:00:00','','',0,0,'','1900-01-01 00:00:00',0,0,0,'66402\"','',''),(63,28,529,'0','白水泥(优)',14.00,14.00,2.00,'2017-09-30 17:12:08',0.00,0,'1900-01-01 00:00:00','','',0,0,'','1900-01-01 00:00:00',0,0,0,'Thinset  - Porcelain(White)','',''),(64,29,542,'','铝边条直角',7.00,7.00,6.00,'2017-09-30 17:16:02',0.00,0,'1900-01-01 00:00:00','','',0,0,'','1900-01-01 00:00:00',0,0,0,'Metal Corner L 铝边条直角','',''),(65,29,206,'0','12\"x12\" 13pcs/box Porcelain',1.90,1.50,91.00,'2017-09-30 17:16:02',0.00,0,'1900-01-01 00:00:00','','',0,0,'','1900-01-01 00:00:00',0,0,0,'A757','',''),(66,29,534,'','白水泥(普通)',8.00,8.00,10.00,'2017-09-30 17:16:02',0.00,0,'1900-01-01 00:00:00','','',0,0,'','1900-01-01 00:00:00',0,0,0,'Thinset (White)','',''),(67,29,525,'','收口灰 白色无沙',10.00,10.00,1.00,'2017-09-30 17:16:02',0.00,0,'1900-01-01 00:00:00','','',0,0,'','1900-01-01 00:00:00',0,0,0,'Grout-White Wall/Unsanded 25LB','',''),(68,29,316,'0','12\"x18\" 12pcs/box Ceramic',1.50,1.10,234.00,'2017-09-30 17:16:02',0.00,0,'1900-01-01 00:00:00','','',0,0,'','1900-01-01 00:00:00',0,0,0,'L42182','',''),(69,30,255,'0','12\"x24\" 8pcs/box Ceramic',1.80,1.30,16.00,'2017-09-30 17:17:34',0.00,0,'1900-01-01 00:00:00','','',0,0,'','1900-01-01 00:00:00',0,0,0,'D68901','',''),(71,32,1,'0','8\"x12\" 25pcs/box Ceramic',1.60,1.00,5.00,'2017-09-30 17:19:52',16.50,0,'1900-01-01 00:00:00','','',0,0,'','1900-01-01 00:00:00',0,0,0,'0812(AY2374)','',''),(72,33,543,'JD12(ACE)','10pcs/box',12.00,10.00,7.00,'2017-09-30 17:24:57',0.00,0,'1900-01-01 00:00:00','','',0,0,'','1900-01-01 00:00:00',0,0,0,'JD12(ACE)','',''),(73,33,77,'0','4\"x16\" 25pcs/box B10400',2.00,1.50,55.50,'2017-09-30 17:24:57',6.50,0,'1900-01-01 00:00:00','','',0,0,'','1900-01-01 00:00:00',0,0,0,'4x16 白色砖','',''),(74,34,311,'0','12\"x24\" 8pcs/box Porcelain',2.00,2.00,500.00,'2017-10-10 15:39:02',0.00,0,'1900-01-01 00:00:00','','',0,0,'','1900-01-01 00:00:00',0,0,0,'KSM36410','',''),(75,35,332,'0','12\"x12\" 15pcs/box Porcelain',1.60,1.60,100.00,'2017-10-10 15:40:33',0.00,0,'1900-01-01 00:00:00','','',0,0,'','1900-01-01 00:00:00',0,0,0,'M322','','');

/*Table structure for table `tstock` */

DROP TABLE IF EXISTS `tstock`;

CREATE TABLE `tstock` (
  `id` int(10) NOT NULL AUTO_INCREMENT,
  `stock_bill_code` varchar(50) DEFAULT NULL,
  `oper_id` int(10) DEFAULT NULL,
  `oper_name` varchar(50) DEFAULT NULL,
  `oper_time` datetime DEFAULT NULL,
  `all_stock_price` float(16,2) DEFAULT NULL,
  `provider_id` int(10) DEFAULT NULL,
  `provider_name` varchar(50) DEFAULT NULL,
  PRIMARY KEY (`id`),
  KEY `id` (`id`) USING BTREE,
  KEY `oper_id` (`oper_id`) USING BTREE,
  KEY `provider_id` (`provider_id`) USING BTREE,
  KEY `stock_bill_code` (`stock_bill_code`) USING BTREE
) ENGINE=InnoDB DEFAULT CHARSET=gbk;

/*Data for the table `tstock` */

/*Table structure for table `tstockproduct` */

DROP TABLE IF EXISTS `tstockproduct`;

CREATE TABLE `tstockproduct` (
  `id` int(10) NOT NULL AUTO_INCREMENT,
  `stock_id` int(10) DEFAULT NULL,
  `product_id` int(10) DEFAULT NULL,
  `product_code` varchar(50) DEFAULT NULL,
  `product_name` varchar(50) DEFAULT NULL,
  `product_price` float(16,2) DEFAULT NULL,
  `product_num` float(16,2) DEFAULT NULL,
  `stock_time` datetime DEFAULT NULL,
  `provider_id` int(10) DEFAULT NULL,
  `provider_name` varchar(50) DEFAULT NULL,
  PRIMARY KEY (`id`),
  KEY `id` (`id`) USING BTREE,
  KEY `product_id` (`product_id`) USING BTREE,
  KEY `product_num` (`product_num`) USING BTREE,
  KEY `provider_id` (`provider_id`) USING BTREE,
  KEY `sale_id` (`stock_id`) USING BTREE
) ENGINE=InnoDB AUTO_INCREMENT=7 DEFAULT CHARSET=gbk;

/*Data for the table `tstockproduct` */

insert  into `tstockproduct`(`id`,`stock_id`,`product_id`,`product_code`,`product_name`,`product_price`,`product_num`,`stock_time`,`provider_id`,`provider_name`) values (1,0,531,'JC04(ACE)','10pcs/box',7.50,10.00,'2017-09-25 16:34:49',0,''),(2,0,534,'Thinset (White)','50LB/48PL',7.71,288.00,'2017-09-27 16:08:50',0,''),(3,0,538,'CMPP(ES)','Creana Marfil(Polished)-Pencil',5.00,17.00,'2017-09-29 17:02:55',0,''),(4,0,539,'WCPP(ES)','White Carrara Pencil',5.00,3.00,'2017-09-29 17:02:55',0,''),(5,0,532,'test 001','test product',11.00,10.00,'2017-09-29 17:03:04',0,''),(6,0,543,'JD12(ACE)','10pcs/box',7.50,7.00,'2017-09-30 17:22:48',0,'');

/*!40101 SET SQL_MODE=@OLD_SQL_MODE */;
/*!40014 SET FOREIGN_KEY_CHECKS=@OLD_FOREIGN_KEY_CHECKS */;
